-- MySQL dump 10.13  Distrib 8.0.20, for Linux (x86_64)
--
-- Host: localhost    Database: tsms2
-- ------------------------------------------------------
-- Server version	8.0.20

/*!40101 SET @OLD_CHARACTER_SET_CLIENT=@@CHARACTER_SET_CLIENT */;
/*!40101 SET @OLD_CHARACTER_SET_RESULTS=@@CHARACTER_SET_RESULTS */;
/*!40101 SET @OLD_COLLATION_CONNECTION=@@COLLATION_CONNECTION */;
/*!50503 SET NAMES utf8mb4 */;
/*!40103 SET @OLD_TIME_ZONE=@@TIME_ZONE */;
/*!40103 SET TIME_ZONE='+00:00' */;
/*!40014 SET @OLD_UNIQUE_CHECKS=@@UNIQUE_CHECKS, UNIQUE_CHECKS=0 */;
/*!40014 SET @OLD_FOREIGN_KEY_CHECKS=@@FOREIGN_KEY_CHECKS, FOREIGN_KEY_CHECKS=0 */;
/*!40101 SET @OLD_SQL_MODE=@@SQL_MODE, SQL_MODE='NO_AUTO_VALUE_ON_ZERO' */;
/*!40111 SET @OLD_SQL_NOTES=@@SQL_NOTES, SQL_NOTES=0 */;

--
-- Table structure for table `Record_everytask`
--

DROP TABLE IF EXISTS `Record_everytask`;
/*!40101 SET @saved_cs_client     = @@character_set_client */;
/*!50503 SET character_set_client = utf8mb4 */;
CREATE TABLE `Record_everytask` (
  `id` int NOT NULL AUTO_INCREMENT,
  `schedule_id` varchar(90) NOT NULL,
  `send_finish_time` datetime(6) DEFAULT NULL,
  `send_origin_time` datetime(6) DEFAULT NULL,
  `temp_para` longtext,
  `time_rule_belong` smallint NOT NULL,
  `apply_status` tinyint(1) DEFAULT NULL,
  `send_status` tinyint(1) NOT NULL,
  `jsms_response` longtext,
  `status` tinyint(1) NOT NULL,
  `add_time` datetime(6) NOT NULL,
  `sms_task_id` int DEFAULT NULL,
  `numed` smallint DEFAULT '1',
  `contact_id` int NOT NULL,
  PRIMARY KEY (`id`),
  KEY `Record_everytask_sms_task_id_7a04a1a5_fk_Record_smstask_id` (`sms_task_id`),
  CONSTRAINT `Record_everytask_sms_task_id_7a04a1a5_fk_Record_smstask_id` FOREIGN KEY (`sms_task_id`) REFERENCES `Record_smstask` (`id`)
) ENGINE=InnoDB AUTO_INCREMENT=111 DEFAULT CHARSET=utf8mb4 COLLATE=utf8mb4_0900_ai_ci;
/*!40101 SET character_set_client = @saved_cs_client */;

--
-- Dumping data for table `Record_everytask`
--

LOCK TABLES `Record_everytask` WRITE;
/*!40000 ALTER TABLE `Record_everytask` DISABLE KEYS */;
INSERT INTO `Record_everytask` VALUES (33,'SM1148f56e93c14a338e529143effb66ab','2020-03-03 07:32:51.000000','2020-03-03 07:32:57.000000','無',0,1,1,'SM1148f56e93c14a338e529143effb66ab',1,'2020-03-03 07:30:51.650812',12,1,0),(34,'SM04deb74af88a41c7ac787cb3aa67f92c','2020-03-04 03:00:10.000000','2020-03-04 03:00:12.000000','無',1,1,1,'SM04deb74af88a41c7ac787cb3aa67f92c',1,'2020-03-03 07:30:51.658724',12,1,0),(35,'SMae851f2438094031bd470c559c06d3fa','2020-03-09 03:00:02.000000','2020-03-09 03:00:07.000000','無',6,1,1,'SMae851f2438094031bd470c559c06d3fa',1,'2020-03-03 07:30:51.664584',12,1,0),(36,'SMd95741b46bf54885a89aeb3f7ab0975e','2020-03-03 07:38:17.000000','2020-03-03 07:38:23.000000','無',0,1,1,'SMd95741b46bf54885a89aeb3f7ab0975e',1,'2020-03-03 07:36:17.418438',13,1,0),(37,'SM4b3620bf5a104df8986226ac18e4b3aa','2020-03-03 08:23:36.000000','2020-03-03 08:23:42.000000','無',0,1,1,'SM4b3620bf5a104df8986226ac18e4b3aa',1,'2020-03-03 08:21:36.389062',14,1,0),(38,'0','2020-03-03 08:35:12.000000','2020-03-03 08:35:15.000000','無',0,0,0,'None',0,'2020-03-03 08:33:12.088722',15,1,0),(39,'SMcb1ad745206e461aac846da4450f157b','2020-03-05 03:00:06.000000','2020-03-05 03:00:09.000000','無',2,1,1,'SMcb1ad745206e461aac846da4450f157b',1,'2020-03-03 08:33:12.097164',15,1,0),(40,'SM16c1a5754bf047fb8f193f2324bb8b4e','2020-03-11 10:00:10.000000','2020-03-11 10:00:11.000000','無',8,1,1,'SM16c1a5754bf047fb8f193f2324bb8b4e',1,'2020-03-03 08:33:12.103837',15,1,0),(41,'SMee189b5a73dd4d5484e9d70c75c03868','2020-03-03 08:37:47.000000','2020-03-03 08:37:53.000000','無',0,1,1,'SMee189b5a73dd4d5484e9d70c75c03868',1,'2020-03-03 08:35:46.900335',16,1,0),(42,'SM1d9f92d3caf64636b6f0bfb836db365a','2020-03-04 10:10:01.000000','2020-03-04 10:10:13.000000','無',0,1,1,'SM1d9f92d3caf64636b6f0bfb836db365a',1,'2020-03-03 08:37:21.738606',17,1,0),(43,'SMbedb056bb7ca4abaa3f4abd1f0a17a51','2020-03-05 03:00:02.000000','2020-03-05 03:00:06.000000','無',2,1,1,'SMbedb056bb7ca4abaa3f4abd1f0a17a51',1,'2020-03-03 08:37:21.744706',17,1,0),(44,'SM3eab5f313af6423e9b43c29ebeca3da4','2020-03-11 10:00:02.000000','2020-03-11 10:00:10.000000','無',8,1,1,'SM3eab5f313af6423e9b43c29ebeca3da4',1,'2020-03-03 08:37:21.751382',17,1,0),(45,'SMe20750e850cb49f19d938dfd9b469f8a','2020-03-03 08:49:23.000000','2020-03-03 08:49:56.000000','無',0,1,1,'SMe20750e850cb49f19d938dfd9b469f8a',1,'2020-03-03 08:47:23.354584',18,1,0),(46,'SMd5588969a92e4f0aa71b19145abee891','2020-03-03 09:09:42.000000','2020-03-03 09:09:46.000000','無',0,1,1,'SMd5588969a92e4f0aa71b19145abee891',1,'2020-03-03 09:07:41.965327',19,1,0),(47,'0',NULL,NULL,'無',1,NULL,0,NULL,0,'2020-03-03 09:07:41.971131',19,1,0),(48,'SM2a0e3bf1db734d2b9b798c10747c1512','2020-03-03 09:51:47.000000','2020-03-03 09:51:51.000000','無',0,1,1,'SM2a0e3bf1db734d2b9b798c10747c1512',1,'2020-03-03 09:49:47.130293',20,1,0),(52,'SM72ada322dcf04dccbd81334bab7675d6','2020-03-05 09:17:11.000000','2020-03-05 09:17:18.000000','無',0,1,1,'SM72ada322dcf04dccbd81334bab7675d6',1,'2020-03-05 09:15:11.482383',24,0,0),(53,'0','2020-04-04 09:17:18.000000','2020-04-04 09:17:18.000000','無',1,NULL,0,'None',1,'2020-03-05 09:15:11.491734',24,1,0),(54,'0','2020-09-01 09:17:18.000000','2020-09-01 09:17:18.000000','無',6,NULL,0,'None',1,'2020-03-05 09:15:11.498795',24,2,0),(55,'SM832b7215ac1b43699f1873affe448302','2020-03-06 10:57:55.000000','2020-03-06 10:58:01.000000','無',0,1,1,'SM832b7215ac1b43699f1873affe448302',1,'2020-03-06 10:55:55.280088',25,0,0),(56,'0','2020-05-05 10:58:02.000000','2020-05-05 10:58:02.000000','無',2,NULL,0,'None',0,'2020-03-06 10:55:55.285973',25,1,0),(57,'0','2020-07-04 10:58:02.000000','2020-07-04 10:58:02.000000','無',4,NULL,0,'None',1,'2020-03-06 10:55:55.291285',25,2,0),(58,'0',NULL,NULL,'無',0,NULL,0,NULL,0,'2020-03-09 10:47:11.602267',26,0,0),(59,'0',NULL,NULL,'無',1,NULL,0,NULL,0,'2020-03-09 10:47:11.618920',26,1,0),(60,'0',NULL,NULL,'無',6,NULL,0,NULL,0,'2020-03-09 10:47:11.626580',26,2,0),(61,'SM0330760e242b4d578602c607e827d283','2020-03-13 10:37:58.000000','2020-03-13 10:38:00.000000','無',0,1,1,'SM0330760e242b4d578602c607e827d283',1,'2020-03-13 10:35:58.296780',27,0,0),(62,'0','2020-09-09 10:38:01.000000','2020-09-09 10:38:01.000000','無',6,NULL,0,'None',1,'2020-03-13 10:35:58.304947',27,1,0),(63,'SM1c51dc6f734a437a8ee2bf978bea0b28','2020-03-14 07:47:56.000000','2020-03-14 07:48:01.000000','無',0,1,1,'SM1c51dc6f734a437a8ee2bf978bea0b28',0,'2020-03-14 07:45:55.983466',28,0,0),(64,'0','2020-05-13 07:48:01.000000','2020-05-13 07:48:01.000000','無',2,NULL,0,'None',1,'2020-03-14 07:45:55.990662',28,1,0),(65,'0','2020-07-12 07:48:02.000000','2020-07-12 07:48:02.000000','無',4,NULL,0,'None',1,'2020-03-14 07:45:56.002395',28,2,0),(66,'SMe0b315066a4c41298e31857c54cc6d47','2020-03-19 09:25:36.000000','2020-03-19 09:25:39.000000','無',0,1,1,'SMe0b315066a4c41298e31857c54cc6d47',1,'2020-03-19 09:23:36.432166',29,0,5),(67,'SM3d545b3c68004957aeb2d362833ca617','2020-03-19 09:26:17.000000','2020-03-19 09:26:20.000000','無',0,1,1,'SM3d545b3c68004957aeb2d362833ca617',1,'2020-03-19 09:24:17.330071',30,0,5),(68,'0','2020-05-18 09:26:20.000000','2020-05-18 09:26:20.000000','無',2,NULL,0,'None',1,'2020-03-19 09:24:17.336777',30,1,5),(69,'0','2020-11-14 09:26:20.000000','2020-11-14 09:26:20.000000','無',8,NULL,0,'None',0,'2020-03-19 09:24:17.346792',30,2,5),(70,'0',NULL,NULL,'無',0,NULL,0,NULL,0,'2020-03-24 11:38:13.000359',31,0,17),(71,'0',NULL,NULL,'無',1,NULL,0,NULL,0,'2020-03-24 11:38:13.007187',31,1,17),(72,'0',NULL,NULL,'無',6,NULL,0,NULL,0,'2020-03-24 11:38:13.014431',31,2,17),(73,'0',NULL,NULL,'無',0,NULL,0,NULL,0,'2020-03-24 11:38:13.087375',32,0,16),(74,'0',NULL,NULL,'無',1,NULL,0,NULL,0,'2020-03-24 11:38:13.094015',32,1,16),(75,'0',NULL,NULL,'無',6,NULL,0,NULL,0,'2020-03-24 11:38:13.101007',32,2,16),(76,'0',NULL,NULL,'無',0,NULL,0,NULL,0,'2020-03-24 11:38:13.201382',33,0,14),(77,'0',NULL,NULL,'無',1,NULL,0,NULL,0,'2020-03-24 11:38:13.207825',33,1,14),(78,'0',NULL,NULL,'無',6,NULL,0,NULL,0,'2020-03-24 11:38:13.214126',33,2,14),(79,'0',NULL,NULL,'無',0,NULL,0,NULL,0,'2020-03-24 11:38:13.312992',34,0,13),(80,'0',NULL,NULL,'無',1,NULL,0,NULL,0,'2020-03-24 11:38:13.319231',34,1,13),(81,'0',NULL,NULL,'無',6,NULL,0,NULL,0,'2020-03-24 11:38:13.325101',34,2,13),(82,'0',NULL,NULL,'無',0,NULL,0,NULL,0,'2020-03-24 11:38:13.426182',35,0,12),(83,'0',NULL,NULL,'無',1,NULL,0,NULL,0,'2020-03-24 11:38:13.442249',35,1,12),(84,'0',NULL,NULL,'無',6,NULL,0,NULL,0,'2020-03-24 11:38:13.454686',35,2,12),(85,'0',NULL,NULL,'無',0,NULL,0,NULL,0,'2020-03-24 11:38:13.555904',36,0,11),(86,'0',NULL,NULL,'無',1,NULL,0,NULL,0,'2020-03-24 11:38:13.563826',36,1,11),(87,'0',NULL,NULL,'無',6,NULL,0,NULL,0,'2020-03-24 11:38:13.571964',36,2,11),(88,'0',NULL,NULL,'無',0,NULL,0,NULL,0,'2020-03-24 11:38:13.664885',37,0,10),(89,'0',NULL,NULL,'無',1,NULL,0,NULL,0,'2020-03-24 11:38:13.670783',37,1,10),(90,'0',NULL,NULL,'無',6,NULL,0,NULL,0,'2020-03-24 11:38:13.677723',37,2,10),(91,'0',NULL,NULL,'無',0,NULL,0,NULL,0,'2020-03-24 11:38:13.780405',38,0,9),(92,'0',NULL,NULL,'無',1,NULL,0,NULL,0,'2020-03-24 11:38:13.788580',38,1,9),(93,'0',NULL,NULL,'無',6,NULL,0,NULL,0,'2020-03-24 11:38:13.796215',38,2,9),(94,'0',NULL,NULL,'無',0,NULL,0,NULL,0,'2020-03-24 11:38:13.907166',39,0,8),(95,'0',NULL,NULL,'無',1,NULL,0,NULL,0,'2020-03-24 11:38:13.913256',39,1,8),(96,'0',NULL,NULL,'無',6,NULL,0,NULL,0,'2020-03-24 11:38:13.919457',39,2,8),(97,'0',NULL,NULL,'無',0,NULL,0,NULL,0,'2020-03-24 11:38:14.024056',40,0,7),(98,'0',NULL,NULL,'無',1,NULL,0,NULL,0,'2020-03-24 11:38:14.037101',40,1,7),(99,'0',NULL,NULL,'無',6,NULL,0,NULL,0,'2020-03-24 11:38:14.043571',40,2,7),(100,'0',NULL,NULL,'無',0,NULL,0,NULL,0,'2020-03-24 11:38:14.148789',41,0,6),(101,'0',NULL,NULL,'無',1,NULL,0,NULL,0,'2020-03-24 11:38:14.154886',41,1,6),(102,'0',NULL,NULL,'無',6,NULL,0,NULL,0,'2020-03-24 11:38:14.162596',41,2,6),(103,'0',NULL,NULL,'無',0,NULL,0,NULL,0,'2020-03-24 11:38:14.259984',42,0,5),(104,'0',NULL,NULL,'無',1,NULL,0,NULL,0,'2020-03-24 11:38:14.269904',42,1,5),(105,'0',NULL,NULL,'無',6,NULL,0,NULL,0,'2020-03-24 11:38:14.278740',42,2,5),(106,'0',NULL,NULL,'無',0,NULL,0,NULL,0,'2020-03-25 07:23:43.866858',43,0,8),(107,'251567708142595','2020-03-25 07:26:37.000000','2020-03-25 07:26:37.000000','無',0,1,1,'{\'msg_id\': 251567708142595}',1,'2020-03-25 07:24:37.251829',44,0,8),(108,'SMb099bbb5719d44d7a21cca8c067a8684','2020-04-17 12:06:11.000000','2020-04-17 12:06:16.000000','無',0,1,1,'SMb099bbb5719d44d7a21cca8c067a8684',1,'2020-04-17 12:04:10.917251',45,0,5),(109,'SMbe816d5c886c4f70bfe0d679be4fc08e','2020-04-24 04:34:44.000000','2020-04-24 04:34:50.000000','無',0,1,1,'SMbe816d5c886c4f70bfe0d679be4fc08e',1,'2020-04-24 04:32:43.982455',46,0,5),(110,'SM8fb015c4d0864686ac344e967a3e5fd6','2020-04-24 04:35:42.000000','2020-04-24 04:35:49.000000','無',0,1,1,'SM8fb015c4d0864686ac344e967a3e5fd6',1,'2020-04-24 04:33:42.545800',47,0,7);
/*!40000 ALTER TABLE `Record_everytask` ENABLE KEYS */;
UNLOCK TABLES;

--
-- Table structure for table `Record_smstask`
--

DROP TABLE IF EXISTS `Record_smstask`;
/*!40101 SET @saved_cs_client     = @@character_set_client */;
/*!50503 SET character_set_client = utf8mb4 */;
CREATE TABLE `Record_smstask` (
  `id` int NOT NULL AUTO_INCREMENT,
  `phoned` varchar(60) DEFAULT NULL,
  `named` varchar(120) DEFAULT NULL,
  `task_status` tinyint(1) DEFAULT NULL,
  `end_time` datetime(6) DEFAULT NULL,
  `status` tinyint(1) NOT NULL,
  `add_time` datetime(6) NOT NULL,
  `area_id` int DEFAULT NULL,
  `sms_template_id` int NOT NULL,
  PRIMARY KEY (`id`),
  KEY `Record_smstask_area_id_eeb6779c_fk_Sms_area_id` (`area_id`),
  KEY `Record_smstask_sms_template_id_79dfd8c8_fk_Sms_smstemplate_id` (`sms_template_id`),
  CONSTRAINT `Record_smstask_area_id_eeb6779c_fk_Sms_area_id` FOREIGN KEY (`area_id`) REFERENCES `Sms_area` (`id`),
  CONSTRAINT `Record_smstask_sms_template_id_79dfd8c8_fk_Sms_smstemplate_id` FOREIGN KEY (`sms_template_id`) REFERENCES `Sms_smstemplate` (`id`)
) ENGINE=InnoDB AUTO_INCREMENT=48 DEFAULT CHARSET=utf8mb4 COLLATE=utf8mb4_0900_ai_ci;
/*!40101 SET character_set_client = @saved_cs_client */;

--
-- Dumping data for table `Record_smstask`
--

LOCK TABLES `Record_smstask` WRITE;
/*!40000 ALTER TABLE `Record_smstask` DISABLE KEYS */;
INSERT INTO `Record_smstask` VALUES (12,'61515651','Hui Chi Wai',0,NULL,1,'2020-03-03 07:30:51.618451',1,1),(13,'61515651','Hui Chi Wai',0,NULL,1,'2020-03-03 07:36:17.338861',1,13),(14,'61515651','Hui Chi Wai',0,NULL,1,'2020-03-03 08:21:36.359332',1,12),(15,'93469279','Mok Kwan yeung',0,NULL,1,'2020-03-03 08:33:12.050783',1,14),(16,'98117237','Chow kiu mei',0,NULL,1,'2020-03-03 08:35:46.877178',1,12),(17,'93469279','Mok Kwan yeung',0,NULL,1,'2020-03-03 08:37:21.717165',1,14),(18,'93469279','Mok Kwan yeung',0,NULL,1,'2020-03-03 08:47:23.332181',1,12),(19,'92779625','chan',0,NULL,1,'2020-03-03 09:07:41.918049',1,8),(20,'92779625','chan',0,NULL,1,'2020-03-03 09:49:47.104611',1,12),(24,'55475407',' 鍾志理',0,NULL,1,'2020-03-05 09:15:11.456107',1,3),(25,'92779625','chan',0,NULL,1,'2020-03-06 10:55:55.242451',1,18),(26,'92779625','chan',0,NULL,1,'2020-03-09 10:47:11.578235',1,1),(27,'61515651','Chi Wai',0,NULL,1,'2020-03-13 10:35:58.271311',1,2),(28,'93584336','Cheng Cyrus',0,NULL,1,'2020-03-14 07:45:55.956574',1,9),(29,'61515651','Chi Wai',0,NULL,1,'2020-03-19 09:23:36.409983',1,15),(30,'61515651','Chi Wai',0,NULL,1,'2020-03-19 09:24:17.303962',1,7),(31,'1519898899','淼焱掱',0,NULL,1,'2020-03-24 11:38:12.984898',3,1),(32,'12345678','chan',0,NULL,1,'2020-03-24 11:38:13.071220',1,1),(33,'2833 5129','Sony HK',0,NULL,1,'2020-03-24 11:38:13.183257',1,1),(34,'2916 2100','Adobe HK',0,NULL,1,'2020-03-24 11:38:13.294980',1,1),(35,'2804 4200','Microsoft HK',0,NULL,1,'2020-03-24 11:38:13.406280',1,1),(36,'3974 0254','Tesla 香港',0,NULL,1,'2020-03-24 11:38:13.536792',1,1),(37,'3923 5400','google',0,NULL,1,'2020-03-24 11:38:13.648821',1,1),(38,'91740288','Chan',0,NULL,1,'2020-03-24 11:38:13.761171',1,1),(39,'13576639986','沙荔枝',0,NULL,1,'2020-03-24 11:38:13.874688',1,1),(40,'92779625','Chan',0,NULL,1,'2020-03-24 11:38:14.007442',1,1),(41,'93584336','Cheng Cyrus',0,NULL,1,'2020-03-24 11:38:14.119586',1,1),(42,'61515651','Chi Wai',0,NULL,1,'2020-03-24 11:38:14.242129',1,1),(43,'13576639986','沙荔枝',0,NULL,1,'2020-03-25 07:23:43.848844',1,13),(44,'13576639986','沙荔枝',0,NULL,1,'2020-03-25 07:24:37.226704',2,13),(45,'61515651','Chi Wai',0,NULL,1,'2020-04-17 12:04:10.870306',1,1),(46,'61515651','Chi Wai',0,NULL,1,'2020-04-24 04:32:43.959517',1,12),(47,'92779625','Chan',0,NULL,1,'2020-04-24 04:33:42.525367',1,15);
/*!40000 ALTER TABLE `Record_smstask` ENABLE KEYS */;
UNLOCK TABLES;

--
-- Table structure for table `Record_smstaskrecord`
--

DROP TABLE IF EXISTS `Record_smstaskrecord`;
/*!40101 SET @saved_cs_client     = @@character_set_client */;
/*!50503 SET character_set_client = utf8mb4 */;
CREATE TABLE `Record_smstaskrecord` (
  `id` int NOT NULL AUTO_INCREMENT,
  `title` varchar(120) NOT NULL,
  `phoned` longtext,
  `sms_template` varchar(240) NOT NULL,
  `send_time` datetime(6) NOT NULL,
  `status` tinyint(1) NOT NULL,
  `add_time` datetime(6) NOT NULL,
  `every_task_id` int DEFAULT NULL,
  PRIMARY KEY (`id`),
  KEY `Record_smstaskrecord_every_task_id_87641563_fk_Record_ev` (`every_task_id`),
  CONSTRAINT `Record_smstaskrecord_every_task_id_87641563_fk_Record_ev` FOREIGN KEY (`every_task_id`) REFERENCES `Record_everytask` (`id`)
) ENGINE=InnoDB DEFAULT CHARSET=utf8mb4 COLLATE=utf8mb4_0900_ai_ci;
/*!40101 SET character_set_client = @saved_cs_client */;

--
-- Dumping data for table `Record_smstaskrecord`
--

LOCK TABLES `Record_smstaskrecord` WRITE;
/*!40000 ALTER TABLE `Record_smstaskrecord` DISABLE KEYS */;
/*!40000 ALTER TABLE `Record_smstaskrecord` ENABLE KEYS */;
UNLOCK TABLES;

--
-- Table structure for table `Sms_area`
--

DROP TABLE IF EXISTS `Sms_area`;
/*!40101 SET @saved_cs_client     = @@character_set_client */;
/*!50503 SET character_set_client = utf8mb4 */;
CREATE TABLE `Sms_area` (
  `id` int NOT NULL AUTO_INCREMENT,
  `phoned_prefix` varchar(30) DEFAULT NULL,
  `flag_img` longtext,
  `named` varchar(60) DEFAULT NULL,
  `status` tinyint(1) NOT NULL,
  `add_time` datetime(6) NOT NULL,
  PRIMARY KEY (`id`)
) ENGINE=InnoDB AUTO_INCREMENT=4 DEFAULT CHARSET=utf8mb4 COLLATE=utf8mb4_0900_ai_ci;
/*!40101 SET character_set_client = @saved_cs_client */;

--
-- Dumping data for table `Sms_area`
--

LOCK TABLES `Sms_area` WRITE;
/*!40000 ALTER TABLE `Sms_area` DISABLE KEYS */;
INSERT INTO `Sms_area` VALUES (1,'+852','','香港',1,'2020-01-22 06:14:01.889872'),(2,'+86','','大陸',1,'2020-01-22 06:14:13.185467'),(3,'+853','','澳門',1,'2020-01-22 06:14:21.536715');
/*!40000 ALTER TABLE `Sms_area` ENABLE KEYS */;
UNLOCK TABLES;

--
-- Table structure for table `Sms_category`
--

DROP TABLE IF EXISTS `Sms_category`;
/*!40101 SET @saved_cs_client     = @@character_set_client */;
/*!50503 SET character_set_client = utf8mb4 */;
CREATE TABLE `Sms_category` (
  `id` int NOT NULL AUTO_INCREMENT,
  `named` varchar(30) DEFAULT NULL,
  `flag` smallint DEFAULT NULL,
  `status` tinyint(1) NOT NULL,
  `add_time` datetime(6) NOT NULL,
  PRIMARY KEY (`id`)
) ENGINE=InnoDB AUTO_INCREMENT=4 DEFAULT CHARSET=utf8mb4 COLLATE=utf8mb4_0900_ai_ci;
/*!40101 SET character_set_client = @saved_cs_client */;

--
-- Dumping data for table `Sms_category`
--

LOCK TABLES `Sms_category` WRITE;
/*!40000 ALTER TABLE `Sms_category` DISABLE KEYS */;
INSERT INTO `Sms_category` VALUES (1,'手術',2,1,'2020-01-22 06:14:51.457025'),(2,'疫苗',1,1,'2020-01-22 06:15:01.679808'),(3,'美容',3,1,'2020-01-22 06:15:07.530053');
/*!40000 ALTER TABLE `Sms_category` ENABLE KEYS */;
UNLOCK TABLES;

--
-- Table structure for table `Sms_service`
--

DROP TABLE IF EXISTS `Sms_service`;
/*!40101 SET @saved_cs_client     = @@character_set_client */;
/*!50503 SET character_set_client = utf8mb4 */;
CREATE TABLE `Sms_service` (
  `id` int NOT NULL AUTO_INCREMENT,
  `named` varchar(60) NOT NULL,
  `time_rule` varchar(25) DEFAULT NULL,
  `status` tinyint(1) NOT NULL,
  `add_time` datetime(6) NOT NULL,
  PRIMARY KEY (`id`)
) ENGINE=InnoDB AUTO_INCREMENT=17 DEFAULT CHARSET=utf8mb4 COLLATE=utf8mb4_0900_ai_ci;
/*!40101 SET character_set_client = @saved_cs_client */;

--
-- Dumping data for table `Sms_service`
--

LOCK TABLES `Sms_service` WRITE;
/*!40000 ALTER TABLE `Sms_service` DISABLE KEYS */;
INSERT INTO `Sms_service` VALUES (1,'Hepatitis B Vaccine','0,1,6',1,'2020-01-22 06:21:16.305722'),(2,'Hepatitis A Vaccine','0,6',1,'2020-01-22 06:23:01.135632'),(3,'Twinrix Vaccine','0,1,6',1,'2020-01-22 06:24:30.549779'),(6,'Gardasil Vaccine','0,2,6',1,'2020-03-02 11:02:47.997484'),(7,'ATT Vaccine','0,2,8',1,'2020-03-02 11:04:20.012902'),(8,'influenza vaccine (<8y.o. 1st time)','0,1',1,'2020-03-02 11:05:42.547067'),(9,'Rotateq Vaccine Po','0,2,4',1,'2020-03-02 11:06:37.018880'),(10,'Plan A Vaccine','0,2,4,6',1,'2020-03-02 11:07:27.104761'),(11,'Plan D Vaccine','0,2,4,6',1,'2020-03-02 11:08:06.895081'),(12,'小手術','0',1,'2020-03-02 11:08:41.150879'),(13,'1064 激光美白，去斑，嫩膚','0,2,8',1,'2020-03-02 11:09:32.304994'),(14,'去毛激光','0',1,'2020-03-02 11:11:57.400333'),(15,'HiB Vaccine','0,2,4',1,'2020-03-03 07:50:58.844733');
/*!40000 ALTER TABLE `Sms_service` ENABLE KEYS */;
UNLOCK TABLES;

--
-- Table structure for table `Sms_smstemplate`
--

DROP TABLE IF EXISTS `Sms_smstemplate`;
/*!40101 SET @saved_cs_client     = @@character_set_client */;
/*!50503 SET character_set_client = utf8mb4 */;
CREATE TABLE `Sms_smstemplate` (
  `id` int NOT NULL AUTO_INCREMENT,
  `sms_id` varchar(90) NOT NULL,
  `is_para` tinyint(1) NOT NULL,
  `content` longtext NOT NULL,
  `content_sub` longtext NOT NULL,
  `status` tinyint(1) NOT NULL,
  `add_time` datetime(6) NOT NULL,
  `category_id` int DEFAULT NULL,
  `service_id` int DEFAULT NULL,
  `sms_id_sub` varchar(90) NOT NULL,
  `lang` smallint,
  PRIMARY KEY (`id`),
  KEY `Sms_smstemplate_category_id_22ea5c27_fk_Sms_category_id` (`category_id`),
  KEY `Sms_smstemplate_service_id_7f01ee03_fk_Sms_service_id` (`service_id`),
  CONSTRAINT `Sms_smstemplate_category_id_22ea5c27_fk_Sms_category_id` FOREIGN KEY (`category_id`) REFERENCES `Sms_category` (`id`),
  CONSTRAINT `Sms_smstemplate_service_id_7f01ee03_fk_Sms_service_id` FOREIGN KEY (`service_id`) REFERENCES `Sms_service` (`id`)
) ENGINE=InnoDB AUTO_INCREMENT=19 DEFAULT CHARSET=utf8mb4 COLLATE=utf8mb4_0900_ai_ci;
/*!40101 SET character_set_client = @saved_cs_client */;

--
-- Dumping data for table `Sms_smstemplate`
--

LOCK TABLES `Sms_smstemplate` WRITE;
/*!40000 ALTER TABLE `Sms_smstemplate` DISABLE KEYS */;
INSERT INTO `Sms_smstemplate` VALUES (1,'176714',1,'親愛的客戶{{named}}，歡迎你蒞臨123醫務中心。剛才已為你接種了第一針乙型肝炎預防針，第二，三針將會在1，5個月後接種。乙型肝炎主要透過母嬰，血液和性接觸三種方法傳染。完成接種疫苗後可預防乙型肝炎所引發的急性肝炎，肝衰竭和肝癌。','温馨提示。親愛的客戶{{named}}，你在123醫務中心接種的乙型肝炎預防針，第二/三針已到期，你可以在診所辦工時間內來接種疫苗。請確定你身體狀況良好，沒有發燒，未來二天不需做劇烈運動。期待你的來臨！',1,'2020-01-22 06:21:23.955044',2,1,'176722',1),(2,'176717',1,'親愛的客戶{{named}}，歡迎你蒞臨123醫務中心。剛才已為你接種了第一針甲型肝炎預防針，第二針將會在6個月後接種。甲型肝炎主要是透過受污染的食水，污水清洗的生果和食用海鲜傳染。完成接種疫苗後可預防甲型肝炎所引發的急性肝炎。','温馨提示。親愛的客戶{{named}}，你在123醫務中心接種的甲型肝炎預防針，第二針已到期，你可以在診所辦工時間內來接種疫苗。請確定你身體狀況良好，沒有發燒，未來二天不需做劇烈運動。期待你的來臨！',1,'2020-01-22 06:23:04.348802',2,2,'176718',1),(3,'176721',1,'親愛的客戶{{named}}，剛才已為你接種了第一針甲乙型混合肝炎預防針，第二，三針將會在1，5個月後接種。乙型肝炎主要透過母嬰，血液和性接觸三種方法傳染。甲型肝炎主要是透過受污染的食水，污水清洗的生果和食用海鲜傳染。完成接種疫苗後可預防甲 / 乙型肝炎所引發的急性肝炎，肝衰竭和肝癌。','温馨提示。親愛的客戶{{named}}，你在123醫務中心接種的甲乙型肝炎預防針，第二/三針已到期，你可以在診所辦工時間內來接種疫苗。請確定你身體狀況良好，沒有發燒，未來二天不需做劇烈運動。期待你的來臨！',1,'2020-01-22 06:24:35.331213',2,3,'176716',1),(6,'176397',1,'親愛的客戶{{named}}，歡迎蒞臨123醫務中心。你剛剛接種了第一針宮頸癌9價預防針，接下來的第二/三針將於第2 , 6個月接種。宮頸癌HPV 病毒主要透過性接觸或傷口傳染。感炎後會增加患宮頸癌，肛門癌，皮膚疣等機會。 九價子宮頸癌預防針可預防 HPV 6, 11, 16, 18, 31, 33, 45, 52, 58, 九種常見的 過濾性病毒， 從而減少患上子宮頸癌機會約9成','温馨提示。親愛的客戶{{named}}，你在123醫務中心接種的 Gardasil 宮頸癌預防針，第二/三針已到期，你可以在診所辦工時間內來接種疫苗。請確定你身體狀況良好，沒有發燒，沒有懷孕，未來二天不需做劇烈運動。期待你的來臨！',1,'2020-03-02 11:03:05.757846',2,6,'176397',1),(7,'176397',1,'親愛的客戶{{named}}，歡迎蒞臨123醫務中心。你剛剛接種了第一針破傷風針預防針，接下來的第二/三針將於第2 , 8個月接種。破傷風主要經過傷口傳染，特別是穿刺性傷口，會引致急性肌肉抽搐，死亡率可達6成。','温馨提示。親愛的客戶{{named}}，你在123醫務中心接種的破傷風預防針，第二/三針已到期，你可以在診所辦工時間內來接種疫苗。請確定你身體狀況良好，沒有發燒，未來二天不需做劇烈運動。期待你的來臨！',1,'2020-03-02 11:04:24.601245',2,7,'176397',1),(8,'176397',1,'親愛的客戶{{named}}，歡迎蒞臨123醫務中心。你的小朋友剛剛接種了第一針季節性流感預防針，接下來的第二針將於第1個月接種。季節性流感主要經過飛沫傳染，患者會出現發燒，肌肉疼痛，傷風等症狀。每年9至1月是接種疫苗的最佳時間。照顧者亦應每年接種流感疫苗以保護小朋友。','温馨提示。親愛的客戶{{named}}，你在123醫務中心接種的季節性流感預防針，第二針已到期，你可以在診所辦工時間內來接種疫苗。請確定你身體狀況良好，沒有發燒，未來二天不需做劇烈運動。期待你的來臨！',1,'2020-03-02 11:05:45.836757',2,8,'176397',1),(9,'176397',1,'親愛的客戶{{named}}，歡迎蒞臨123醫務中心。你的小朋友剛剛接種了第一針輪狀病毒口服預防液，接下來的第二次將於第2,4個月接種。輪狀病毒主要經過不潔食物傳染，或小孩把不潔東西放進口中而感染，患者會出現發燒，嚴重嘔吐和肚瀉，嚴重者需要入院打點滴。','温馨提示。親愛的客戶{{named}}，你在123醫務中心接種的輪狀口服疫苗，第二/三針已到期，你可以在診所辦工時間內來接種疫苗。請確定你BB身體狀況良好，沒有發燒。期待你的來臨！',1,'2020-03-02 11:06:40.428931',2,9,'176397',1),(10,'176397',1,'親愛的客戶{{named}}，歡迎蒞臨123醫務中心。你的小朋友剛剛接種了第一針 乙型啫血流感 預防針 和 第一針輪狀病毒口服預防液，接下來的第二次將於第2, 第4，和第16個月接種。 乙型嗜血流感 主要經過 飛沫和接觸 傳染，患者會出現發燒， 流鼻水，咳嗽， 扁桃腺發炎 等 症狀，嚴重者需要入院。輪狀病毒主要經過不潔食物傳染，或小孩把不潔東西放進口中而感染，患者會出現發燒，嚴重嘔吐和肚瀉，嚴重者需要入院打點滴。','温馨提示。親愛的客戶{{named}}，你BB在123醫務中心接種的輪狀口服疫苗 / 乙型啃血流感預防針 (HiB)，第二/三/四針已到期，你可以在診所辦工時間內來接種疫苗。請確定你 BB 身體狀況良好，沒有發燒，飲食正常。期待你的來臨！',1,'2020-03-02 11:07:30.122194',2,10,'176397',1),(11,'176397',1,'親愛的客戶{{named}}，歡迎蒞臨123醫務中心。你的小朋友剛剛接種了第一針 五合一/ 六合一 預防針 和 第一針輪狀病毒口服預防液，接下來的第二次將於第2, 第4，和第16個月接種。 你仍要到母嬰健康院接種13價肺炎預防針 。乙型嗜血流感 主要經過 飛沫和接觸 傳染，患者會出現發燒， 流鼻水，咳嗽， 扁桃腺發炎 等 症狀，嚴重者需要入院。輪狀病毒主要經過不潔食物傳染，或小孩把不潔東西放進口中而感染，患者會出現發燒，嚴重嘔吐和肚瀉，嚴重者需要入院打點滴。','温馨提示。親愛的客戶{{named}}，你BB在123醫務中心接種的輪狀口服疫苗 / 五合一 / 六合一 預防針 ，第二/三/四針已到期，你可以在診所辦工時間內來接種疫苗。請確定你 BB 身體狀況良好，沒有發燒，飲食正常。期待你的來臨！ 提醒你仍要到母嬰健康院為BB 接種13價肺炎預防針',1,'2020-03-02 11:08:09.757926',2,11,'176397',1),(12,'176397',0,'多謝你今天蒞臨123醫務中心， 針對你今天做的小手術有幾個注意事項要提一提你\r\n1. 傷口今天不要濕水\r\n2. 若傷口出現異常痛楚 / 出血 / 麻痺感覺 / 爆線， 請第一時間通知我們。tel: 55448155 (Whatsapp / 微訊) / 37020123. \r\n3. 傷口癒合需要四大元素, 包括適當溫度， 濕度 和透氣, 並且沒有發炎。 選擇適合敷料非常重要， 記得先用藥水清洗傷口，再放上紗布。\r\n4. 大部分 需要縫針的 傷口都是在五至七天可以拆線。 請自行安排時間來拆線。\r\n5. 手術時支付的費用已包含覆診和拆線, 若有什麼問題， 可隨時詢問，費用全免。','多謝你今天蒞臨123醫務中心， 針對你今天做的小手術有幾個注意事項要提一提你\r\n1. 傷口今天不要濕水\r\n2. 若傷口出現異常痛楚 / 出血 / 麻痺感覺 / 爆線， 請第一時間通知我們。tel: 55448155 (Whatsapp / 微訊) / 37020123. \r\n3. 傷口癒合需要四大元素, 包括適當溫度， 濕度 和透氣, 並且沒有發炎。 選擇適合敷料非常重要， 記得先用藥水清洗傷口，再放上紗布。\r\n4. 大部分 需要縫針的 傷口都是在五至七天可以拆線。 請自行安排時間來拆線。\r\n5. 手術時支付的費用已包含覆診和拆線, 若有什麼問題， 可隨時詢問，費用全免。',1,'2020-03-02 11:08:45.037259',1,12,'176397',1),(13,'176397',1,'親愛的客戶{{named}}，多謝你蒞臨123醫務中心，今天用了 808nm 激光去毛， 效果 會隨著 接受療程次數多少而一次比一次好。 建議三星期後再來做， 來之前 敬請預約。\r\n以下有幾點是做完激光後的注意事項\r\n1. 防曬是終生職業，特別是激光後首兩星期，每天出門前記得要搽防曬，SPF 30, PA 3+ 已足夠。\r\n2. 做完激光後首兩星期, 應避免游水, 曬日光浴。\r\n3. 要達至做激光的最佳效果，必須保持充足睡眠， 充足水分， 避免太多壓力。\r\n4. 三次去毛療程約可減少毛髮一半， 大部分人做六至九次已有很明顯的去毛效果。','親愛的客戶{{named}}，多謝你蒞臨123醫務中心，今天用了 808nm 激光去毛， 效果 會隨著 接受療程次數多少而一次比一次好。 建議三星期後再來做， 來之前 敬請預約。\r\n以下有幾點是做完激光後的注意事項\r\n1. 防曬是終生職業，特別是激光後首兩星期，每天出門前記得要搽防曬，SPF 30, PA 3+ 已足夠。\r\n2. 做完激光後首兩星期, 應避免游水, 曬日光浴。\r\n3. 要達至做激光的最佳效果，必須保持充足睡眠， 充足水分， 避免太多壓力。\r\n4. 三次去毛療程約可減少毛髮一半， 大部分人做六至九次已有很明顯的去毛效果。',1,'2020-03-02 11:12:01.569475',3,14,'176397',1),(14,'176397',1,'親愛的客戶{{named}}，多謝你今天蒞臨123醫務中心， 1064 / 532 / 808nm 激光, 有美白 / 去斑 / 收緊毛孔 / 嫩膚 / 去血管絲 等多種功能， 效果 會隨著 接受療程次數多少而一次比一次好。 最快可以四星期來做， 來之前 敬請預約。\r\n以下有幾點是做完激光後的注意事項\r\n1. 防曬是終生職業，特別是激光後首兩星期，每天出門前記得要搽防曬，SPF 30, PA 3+ 已足夠。\r\n2. 正常洗面便可， 盡量避免搽太多化妝品。\r\n3. 做完激光後首兩星期, 應避免游水, 曬日光浴。\r\n4. 建議使用 今天給你的 口服抗敏感藥和搽面的抗敏感藥膏。可舒緩激光後 皮膚痕癢的情況。\r\n5. 要達至做激光的最佳效果，必須保持充足睡眠， 充足水分， 避免太多壓力。 和要有恆心 讓 皮下血管把黑色素帶走， 需時可以是數個月至一兩年。\r\n6. 有一部分人首數次接受激光後，皮膚有機會會更黑 多一點，但不用擔心， 這是正常的現象， 會有其他方法讓它慢慢變白。','溫馨提示，親愛的客戶{{named}}， 繼上次做完激光後已經有四星期以上，你可隨時來做第二次激光。 最佳做激光時間是放假前， 敬請先預約。',1,'2020-03-02 11:19:54.790772',3,13,'176397',1),(15,'176397',1,'親愛的客戶{{named}}，歡迎蒞臨123醫務中心。你的小朋友剛剛接種了第一針 乙型啫血流感 預防針，接下來的第二次將於第2, 第4個月接種。 乙型嗜血流感 主要經過 飛沫和接觸 傳染，患者會出現發燒， 流鼻水，咳嗽， 扁桃腺發炎 等 症狀，嚴重者需要入院。','温馨提示。親愛的客戶{{named}}，你在123醫務中心接種的乙型嗜血流感預防針 (HiB)，第二/三針已到期，你可以在診所辦工時間內來接種疫苗。請確定你BB身體狀況良好，沒有發燒。期待你的來臨！',1,'2020-03-03 07:51:08.181254',2,15,'176397',1),(18,'123',1,'親愛的客戶{{named}}，歡迎你蒞臨123醫務中心。剛才已為你接種了第一針乙型肝炎預防針，第二，三針將會在1，5個月後接種。乙型肝炎主要透過母嬰，血液和性接觸三種方法傳染。完成接種疫苗後可預防乙型肝炎所引發的急性肝炎，肝衰竭和肝癌。','親愛的客戶{{named}}，歡迎你蒞臨123醫務中心。剛才已為你接種了第一針乙型肝炎預防針，第二，三針將會在1，5個月後接種。乙型肝炎主要透過母嬰，血液和性接觸三種方法傳染。完成接種疫苗後可預防乙型肝炎所引發的急性肝炎，肝衰竭和肝癌。',1,'2020-03-06 10:55:09.637359',2,15,'234',2);
/*!40000 ALTER TABLE `Sms_smstemplate` ENABLE KEYS */;
UNLOCK TABLES;

--
-- Table structure for table `User_contact`
--

DROP TABLE IF EXISTS `User_contact`;
/*!40101 SET @saved_cs_client     = @@character_set_client */;
/*!50503 SET character_set_client = utf8mb4 */;
CREATE TABLE `User_contact` (
  `id` int NOT NULL AUTO_INCREMENT,
  `first_named` varchar(20) DEFAULT NULL,
  `last_named` varchar(20) DEFAULT NULL,
  `bith` date DEFAULT NULL,
  `phoned` varchar(11) DEFAULT NULL,
  `email` varchar(100) DEFAULT NULL,
  `gender` varchar(6) NOT NULL,
  `mark` longtext,
  `status` tinyint(1) NOT NULL,
  `add_time` datetime(6) NOT NULL,
  `area_id` int DEFAULT NULL,
  `star` tinyint(1) DEFAULT '0' COMMENT '星标',
  PRIMARY KEY (`id`),
  KEY `User_contact_area_id_68110367_fk_Sms_area_id` (`area_id`),
  CONSTRAINT `User_contact_area_id_68110367_fk_Sms_area_id` FOREIGN KEY (`area_id`) REFERENCES `Sms_area` (`id`)
) ENGINE=InnoDB AUTO_INCREMENT=34 DEFAULT CHARSET=utf8mb4 COLLATE=utf8mb4_0900_ai_ci;
/*!40101 SET character_set_client = @saved_cs_client */;

--
-- Dumping data for table `User_contact`
--

LOCK TABLES `User_contact` WRITE;
/*!40000 ALTER TABLE `User_contact` DISABLE KEYS */;
INSERT INTO `User_contact` VALUES (5,'Chi Wai',NULL,'1985-02-01','61515651',NULL,'1','無',1,'2020-03-13 10:35:55.130153',1,0),(6,'Cheng Cyrus',NULL,NULL,'93584336',NULL,'0','無',1,'2020-03-14 07:44:20.072258',1,0),(7,'Chan',NULL,NULL,'92779625',NULL,'0','無',1,'2020-03-17 03:23:30.064110',1,0),(8,'沙荔枝',NULL,'1990-10-28','13576639986',NULL,'0','無',1,'2020-03-19 03:42:30.921295',2,1),(9,'Chan',NULL,'1988-01-01','91740288',NULL,'0','無',1,'2020-03-19 07:48:36.116559',1,0),(10,'google',NULL,'1990-02-12','3923 5400',NULL,'1','無',1,'2020-03-19 07:50:02.893147',1,0),(11,'Tesla 香港',NULL,NULL,'3974 0254',NULL,'0','無',1,'2020-03-19 07:52:43.399580',1,0),(12,'Microsoft HK',NULL,NULL,'2804 4200',NULL,'0','無',1,'2020-03-19 07:53:51.416015',1,1),(13,'Adobe HK',NULL,NULL,'2916 2100',NULL,'0','無',1,'2020-03-19 07:54:46.890055',1,0),(14,'Sony HK',NULL,NULL,'2833 5129',NULL,'0','無',1,'2020-03-19 07:55:41.332789',1,0),(15,'chan chan',NULL,'1978-02-13','9123 4567',NULL,'0','無',0,'2020-03-20 09:19:30.528249',1,0),(16,'chan',NULL,'1980-02-13','12345678',NULL,'2','無',1,'2020-03-23 12:38:31.791970',3,0),(17,'淼焱掱',NULL,'1999-09-09','1519898899',NULL,'2','無',1,'2020-03-24 10:05:44.671592',2,0),(18,NULL,NULL,NULL,NULL,NULL,'0','無',0,'2020-03-25 01:32:55.799021',NULL,0),(19,'沙沙',NULL,'1990-09-09','33456678',NULL,'0','無',1,'2020-03-25 06:50:47.197704',1,0),(20,'掱壨叕㗊',NULL,'1990-09-09','88888988',NULL,'1','無',0,'2020-03-25 06:53:03.427392',1,0),(21,'㠭朤',NULL,'1999-09-09','12308549',NULL,'1','無',0,'2020-03-25 06:56:05.725193',1,0),(22,NULL,NULL,NULL,NULL,NULL,'0','無',0,'2020-03-25 07:52:18.061792',NULL,0),(23,NULL,NULL,NULL,NULL,NULL,'0','無',0,'2020-03-27 21:18:39.007165',NULL,0),(24,NULL,NULL,NULL,NULL,NULL,'0','無',0,'2020-03-28 19:10:45.445353',NULL,0),(25,NULL,NULL,NULL,NULL,NULL,'0','無',0,'2020-03-31 01:55:44.122710',NULL,0),(26,NULL,NULL,NULL,NULL,NULL,'0','無',0,'2020-04-06 01:19:28.772449',NULL,0),(27,NULL,NULL,NULL,NULL,NULL,'0','無',0,'2020-04-17 23:40:59.802996',NULL,0),(28,NULL,NULL,NULL,NULL,NULL,'0','無',0,'2020-04-20 22:22:27.224559',NULL,0),(29,NULL,NULL,NULL,NULL,NULL,'0','無',0,'2020-04-24 06:36:03.599222',NULL,0),(30,NULL,NULL,NULL,NULL,NULL,'0','無',0,'2020-04-24 10:07:40.938951',NULL,0),(31,NULL,NULL,NULL,NULL,NULL,'0','無',0,'2020-04-27 07:51:23.024141',NULL,0),(32,NULL,NULL,NULL,NULL,NULL,'0','無',0,'2020-04-27 17:58:23.231680',NULL,0),(33,NULL,NULL,NULL,NULL,NULL,'0','無',0,'2020-05-05 02:50:53.252749',NULL,0);
/*!40000 ALTER TABLE `User_contact` ENABLE KEYS */;
UNLOCK TABLES;

--
-- Table structure for table `User_tag`
--

DROP TABLE IF EXISTS `User_tag`;
/*!40101 SET @saved_cs_client     = @@character_set_client */;
/*!50503 SET character_set_client = utf8mb4 */;
CREATE TABLE `User_tag` (
  `id` int NOT NULL AUTO_INCREMENT,
  `named` varchar(8) DEFAULT NULL,
  `status` tinyint(1) NOT NULL,
  `add_time` datetime(6) NOT NULL,
  PRIMARY KEY (`id`)
) ENGINE=InnoDB DEFAULT CHARSET=utf8mb4 COLLATE=utf8mb4_0900_ai_ci;
/*!40101 SET character_set_client = @saved_cs_client */;

--
-- Dumping data for table `User_tag`
--

LOCK TABLES `User_tag` WRITE;
/*!40000 ALTER TABLE `User_tag` DISABLE KEYS */;
/*!40000 ALTER TABLE `User_tag` ENABLE KEYS */;
UNLOCK TABLES;

--
-- Table structure for table `User_userprofile`
--

DROP TABLE IF EXISTS `User_userprofile`;
/*!40101 SET @saved_cs_client     = @@character_set_client */;
/*!50503 SET character_set_client = utf8mb4 */;
CREATE TABLE `User_userprofile` (
  `id` int NOT NULL AUTO_INCREMENT,
  `last_login` datetime(6) DEFAULT NULL,
  `username` varchar(150) NOT NULL,
  `first_name` varchar(30) NOT NULL,
  `last_name` varchar(150) NOT NULL,
  `is_active` tinyint(1) NOT NULL,
  `date_joined` datetime(6) NOT NULL,
  `nickName` varchar(20) DEFAULT NULL,
  `bith` date DEFAULT NULL,
  `phone` varchar(11) DEFAULT NULL,
  `email` varchar(100) DEFAULT NULL,
  `gender` varchar(6) NOT NULL,
  `is_staff` tinyint(1) NOT NULL,
  `is_superuser` tinyint(1) NOT NULL,
  `password` varchar(240) NOT NULL,
  `status` tinyint(1) NOT NULL,
  `add_time` datetime(6) NOT NULL,
  PRIMARY KEY (`id`),
  UNIQUE KEY `username` (`username`)
) ENGINE=InnoDB AUTO_INCREMENT=9 DEFAULT CHARSET=utf8mb4 COLLATE=utf8mb4_0900_ai_ci;
/*!40101 SET character_set_client = @saved_cs_client */;

--
-- Dumping data for table `User_userprofile`
--

LOCK TABLES `User_userprofile` WRITE;
/*!40000 ALTER TABLE `User_userprofile` DISABLE KEYS */;
INSERT INTO `User_userprofile` VALUES (1,'2020-04-24 03:41:49.613213','VcrTing','','',1,'2020-01-22 06:09:00.000000','SUPER_ADMIN','2020-01-22','13576639986','vcrting@163.com','male',1,1,'pbkdf2_sha256$150000$268TiOaBQ6op$HCdwmqH5G5pu8ZbgJ37aRd61m3fY6Gk/ME8bHOy6cJM=',1,'2020-01-22 06:09:52.780301'),(2,'2020-04-23 14:52:43.187050','chiwai@manfulls.com','','',1,'2020-01-22 06:11:00.000000','ChiWai','2020-01-22',NULL,'chiwai@manfulls.com','male',1,0,'pbkdf2_sha256$150000$hQ8DSDOD657O$g9uKdbd7E+E1LjdnnLVoYZek+JxQe1yg5AaECCAZYxE=',1,'2020-01-22 06:11:48.677114'),(7,NULL,'123medhk@gmail.com','','',1,'2020-04-24 03:43:00.000000','rAptN3EmKAzRfGMy','2020-04-24',NULL,'123medhk@gmail.com','male',1,0,'pbkdf2_sha256$150000$WFV6fzIVuTWx$8Kg2kjSiaL2g0ciEYxEWsgu0peJw5zRFC4122K7fVRI=',1,'2020-04-24 03:43:56.761072'),(8,'2020-04-24 03:53:26.660512','support@manfulls.com','','',1,'2020-04-24 03:50:00.000000','bXwkQZBkJ8BCWov6eWjR','2020-04-24','92779625','support@manfulls.com','male',1,0,'pbkdf2_sha256$150000$Xwx9iZptukkq$qjoM7Oq27IcDPgrBTvocmmKHQHJLbx7/vZfPn2GkJ8M=',1,'2020-04-24 03:50:40.835778');
/*!40000 ALTER TABLE `User_userprofile` ENABLE KEYS */;
UNLOCK TABLES;

--
-- Table structure for table `User_userprofile_groups`
--

DROP TABLE IF EXISTS `User_userprofile_groups`;
/*!40101 SET @saved_cs_client     = @@character_set_client */;
/*!50503 SET character_set_client = utf8mb4 */;
CREATE TABLE `User_userprofile_groups` (
  `id` int NOT NULL AUTO_INCREMENT,
  `userprofile_id` int NOT NULL,
  `group_id` int NOT NULL,
  PRIMARY KEY (`id`),
  UNIQUE KEY `User_userprofile_groups_userprofile_id_group_id_6ef09298_uniq` (`userprofile_id`,`group_id`),
  KEY `User_userprofile_groups_group_id_508a2183_fk_auth_group_id` (`group_id`),
  CONSTRAINT `User_userprofile_gro_userprofile_id_6b5554d1_fk_User_user` FOREIGN KEY (`userprofile_id`) REFERENCES `User_userprofile` (`id`),
  CONSTRAINT `User_userprofile_groups_group_id_508a2183_fk_auth_group_id` FOREIGN KEY (`group_id`) REFERENCES `auth_group` (`id`)
) ENGINE=InnoDB AUTO_INCREMENT=3 DEFAULT CHARSET=utf8mb4 COLLATE=utf8mb4_0900_ai_ci;
/*!40101 SET character_set_client = @saved_cs_client */;

--
-- Dumping data for table `User_userprofile_groups`
--

LOCK TABLES `User_userprofile_groups` WRITE;
/*!40000 ALTER TABLE `User_userprofile_groups` DISABLE KEYS */;
INSERT INTO `User_userprofile_groups` VALUES (2,8,1);
/*!40000 ALTER TABLE `User_userprofile_groups` ENABLE KEYS */;
UNLOCK TABLES;

--
-- Table structure for table `User_userprofile_user_permissions`
--

DROP TABLE IF EXISTS `User_userprofile_user_permissions`;
/*!40101 SET @saved_cs_client     = @@character_set_client */;
/*!50503 SET character_set_client = utf8mb4 */;
CREATE TABLE `User_userprofile_user_permissions` (
  `id` int NOT NULL AUTO_INCREMENT,
  `userprofile_id` int NOT NULL,
  `permission_id` int NOT NULL,
  PRIMARY KEY (`id`),
  UNIQUE KEY `User_userprofile_user_pe_userprofile_id_permissio_b23258ac_uniq` (`userprofile_id`,`permission_id`),
  KEY `User_userprofile_use_permission_id_948bcf18_fk_auth_perm` (`permission_id`),
  CONSTRAINT `User_userprofile_use_permission_id_948bcf18_fk_auth_perm` FOREIGN KEY (`permission_id`) REFERENCES `auth_permission` (`id`),
  CONSTRAINT `User_userprofile_use_userprofile_id_4e02c612_fk_User_user` FOREIGN KEY (`userprofile_id`) REFERENCES `User_userprofile` (`id`)
) ENGINE=InnoDB DEFAULT CHARSET=utf8mb4 COLLATE=utf8mb4_0900_ai_ci;
/*!40101 SET character_set_client = @saved_cs_client */;

--
-- Dumping data for table `User_userprofile_user_permissions`
--

LOCK TABLES `User_userprofile_user_permissions` WRITE;
/*!40000 ALTER TABLE `User_userprofile_user_permissions` DISABLE KEYS */;
/*!40000 ALTER TABLE `User_userprofile_user_permissions` ENABLE KEYS */;
UNLOCK TABLES;

--
-- Table structure for table `Web_smsconf`
--

DROP TABLE IF EXISTS `Web_smsconf`;
/*!40101 SET @saved_cs_client     = @@character_set_client */;
/*!50503 SET character_set_client = utf8mb4 */;
CREATE TABLE `Web_smsconf` (
  `id` int NOT NULL AUTO_INCREMENT,
  `flag` varchar(30) NOT NULL,
  `sid` varchar(60) NOT NULL,
  `token` varchar(60) NOT NULL,
  `sender` varchar(60) NOT NULL,
  `add_time` datetime(6) NOT NULL,
  PRIMARY KEY (`id`)
) ENGINE=InnoDB AUTO_INCREMENT=4 DEFAULT CHARSET=utf8mb4 COLLATE=utf8mb4_0900_ai_ci;
/*!40101 SET character_set_client = @saved_cs_client */;

--
-- Dumping data for table `Web_smsconf`
--

LOCK TABLES `Web_smsconf` WRITE;
/*!40000 ALTER TABLE `Web_smsconf` DISABLE KEYS */;
/*!40000 ALTER TABLE `Web_smsconf` ENABLE KEYS */;
UNLOCK TABLES;

--
-- Table structure for table `auth_group`
--

DROP TABLE IF EXISTS `auth_group`;
/*!40101 SET @saved_cs_client     = @@character_set_client */;
/*!50503 SET character_set_client = utf8mb4 */;
CREATE TABLE `auth_group` (
  `id` int NOT NULL AUTO_INCREMENT,
  `name` varchar(150) NOT NULL,
  PRIMARY KEY (`id`),
  UNIQUE KEY `name` (`name`)
) ENGINE=InnoDB AUTO_INCREMENT=2 DEFAULT CHARSET=utf8mb4 COLLATE=utf8mb4_0900_ai_ci;
/*!40101 SET character_set_client = @saved_cs_client */;

--
-- Dumping data for table `auth_group`
--

LOCK TABLES `auth_group` WRITE;
/*!40000 ALTER TABLE `auth_group` DISABLE KEYS */;
INSERT INTO `auth_group` VALUES (1,'客人的最高权限');
/*!40000 ALTER TABLE `auth_group` ENABLE KEYS */;
UNLOCK TABLES;

--
-- Table structure for table `auth_group_permissions`
--

DROP TABLE IF EXISTS `auth_group_permissions`;
/*!40101 SET @saved_cs_client     = @@character_set_client */;
/*!50503 SET character_set_client = utf8mb4 */;
CREATE TABLE `auth_group_permissions` (
  `id` int NOT NULL AUTO_INCREMENT,
  `group_id` int NOT NULL,
  `permission_id` int NOT NULL,
  PRIMARY KEY (`id`),
  UNIQUE KEY `auth_group_permissions_group_id_permission_id_0cd325b0_uniq` (`group_id`,`permission_id`),
  KEY `auth_group_permissio_permission_id_84c5c92e_fk_auth_perm` (`permission_id`),
  CONSTRAINT `auth_group_permissio_permission_id_84c5c92e_fk_auth_perm` FOREIGN KEY (`permission_id`) REFERENCES `auth_permission` (`id`),
  CONSTRAINT `auth_group_permissions_group_id_b120cbf9_fk_auth_group_id` FOREIGN KEY (`group_id`) REFERENCES `auth_group` (`id`)
) ENGINE=InnoDB AUTO_INCREMENT=61 DEFAULT CHARSET=utf8mb4 COLLATE=utf8mb4_0900_ai_ci;
/*!40101 SET character_set_client = @saved_cs_client */;

--
-- Dumping data for table `auth_group_permissions`
--

LOCK TABLES `auth_group_permissions` WRITE;
/*!40000 ALTER TABLE `auth_group_permissions` DISABLE KEYS */;
INSERT INTO `auth_group_permissions` VALUES (1,1,2),(2,1,4),(3,1,8),(4,1,12),(8,1,16),(9,1,17),(10,1,18),(11,1,19),(12,1,20),(13,1,21),(14,1,22),(15,1,23),(16,1,24),(17,1,25),(18,1,26),(19,1,27),(20,1,28),(21,1,29),(22,1,30),(23,1,31),(24,1,32),(25,1,33),(26,1,34),(27,1,35),(28,1,36),(29,1,37),(30,1,38),(31,1,39),(32,1,40),(33,1,41),(34,1,42),(35,1,43),(36,1,44),(40,1,48),(41,1,49),(42,1,50),(43,1,51),(44,1,52),(45,1,53),(46,1,54),(47,1,55),(48,1,56),(49,1,57),(50,1,58),(51,1,59),(52,1,60),(53,1,61),(54,1,62),(55,1,63),(56,1,64),(57,1,65),(58,1,66),(59,1,67),(60,1,68);
/*!40000 ALTER TABLE `auth_group_permissions` ENABLE KEYS */;
UNLOCK TABLES;

--
-- Table structure for table `auth_permission`
--

DROP TABLE IF EXISTS `auth_permission`;
/*!40101 SET @saved_cs_client     = @@character_set_client */;
/*!50503 SET character_set_client = utf8mb4 */;
CREATE TABLE `auth_permission` (
  `id` int NOT NULL AUTO_INCREMENT,
  `name` varchar(255) NOT NULL,
  `content_type_id` int NOT NULL,
  `codename` varchar(100) NOT NULL,
  PRIMARY KEY (`id`),
  UNIQUE KEY `auth_permission_content_type_id_codename_01ab375a_uniq` (`content_type_id`,`codename`),
  CONSTRAINT `auth_permission_content_type_id_2f476e4b_fk_django_co` FOREIGN KEY (`content_type_id`) REFERENCES `django_content_type` (`id`)
) ENGINE=InnoDB AUTO_INCREMENT=69 DEFAULT CHARSET=utf8mb4 COLLATE=utf8mb4_0900_ai_ci;
/*!40101 SET character_set_client = @saved_cs_client */;

--
-- Dumping data for table `auth_permission`
--

LOCK TABLES `auth_permission` WRITE;
/*!40000 ALTER TABLE `auth_permission` DISABLE KEYS */;
INSERT INTO `auth_permission` VALUES (1,'Can add log entry',1,'add_logentry'),(2,'Can change log entry',1,'change_logentry'),(3,'Can delete log entry',1,'delete_logentry'),(4,'Can view log entry',1,'view_logentry'),(5,'Can add permission',2,'add_permission'),(6,'Can change permission',2,'change_permission'),(7,'Can delete permission',2,'delete_permission'),(8,'Can view permission',2,'view_permission'),(9,'Can add group',3,'add_group'),(10,'Can change group',3,'change_group'),(11,'Can delete group',3,'delete_group'),(12,'Can view group',3,'view_group'),(13,'Can add content type',4,'add_contenttype'),(14,'Can change content type',4,'change_contenttype'),(15,'Can delete content type',4,'delete_contenttype'),(16,'Can view content type',4,'view_contenttype'),(17,'Can add session',5,'add_session'),(18,'Can change session',5,'change_session'),(19,'Can delete session',5,'delete_session'),(20,'Can view session',5,'view_session'),(21,'Can add 地域与电话号码前缀',6,'add_area'),(22,'Can change 地域与电话号码前缀',6,'change_area'),(23,'Can delete 地域与电话号码前缀',6,'delete_area'),(24,'Can view 地域与电话号码前缀',6,'view_area'),(25,'Can add 服务分类',7,'add_category'),(26,'Can change 服务分类',7,'change_category'),(27,'Can delete 服务分类',7,'delete_category'),(28,'Can view 服务分类',7,'view_category'),(29,'Can add 电话薄',8,'add_phone'),(30,'Can change 电话薄',8,'change_phone'),(31,'Can delete 电话薄',8,'delete_phone'),(32,'Can view 电话薄',8,'view_phone'),(33,'Can add 服务项目',9,'add_service'),(34,'Can change 服务项目',9,'change_service'),(35,'Can delete 服务项目',9,'delete_service'),(36,'Can view 服务项目',9,'view_service'),(37,'Can add 短信模版',10,'add_smstemplate'),(38,'Can change 短信模版',10,'change_smstemplate'),(39,'Can delete 短信模版',10,'delete_smstemplate'),(40,'Can view 短信模版',10,'view_smstemplate'),(41,'Can add SMS配置',11,'add_smsconf'),(42,'Can change SMS配置',11,'change_smsconf'),(43,'Can delete SMS配置',11,'delete_smsconf'),(44,'Can view SMS配置',11,'view_smsconf'),(45,'Can add 员工',12,'add_userprofile'),(46,'Can change 员工',12,'change_userprofile'),(47,'Can delete 员工',12,'delete_userprofile'),(48,'Can view 员工',12,'view_userprofile'),(49,'Can add 极光任務队列',13,'add_everytask'),(50,'Can change 极光任務队列',13,'change_everytask'),(51,'Can delete 极光任務队列',13,'delete_everytask'),(52,'Can view 极光任務队列',13,'view_everytask'),(53,'Can add 短信发送完成记录',14,'add_smstaskrecord'),(54,'Can change 短信发送完成记录',14,'change_smstaskrecord'),(55,'Can delete 短信发送完成记录',14,'delete_smstaskrecord'),(56,'Can view 短信发送完成记录',14,'view_smstaskrecord'),(57,'Can add 任務申请',15,'add_smstask'),(58,'Can change 任務申请',15,'change_smstask'),(59,'Can delete 任務申请',15,'delete_smstask'),(60,'Can view 任務申请',15,'view_smstask'),(61,'Can add 联系人',16,'add_contact'),(62,'Can change 联系人',16,'change_contact'),(63,'Can delete 联系人',16,'delete_contact'),(64,'Can view 联系人',16,'view_contact'),(65,'Can add 联系人的标签',17,'add_tag'),(66,'Can change 联系人的标签',17,'change_tag'),(67,'Can delete 联系人的标签',17,'delete_tag'),(68,'Can view 联系人的标签',17,'view_tag');
/*!40000 ALTER TABLE `auth_permission` ENABLE KEYS */;
UNLOCK TABLES;

--
-- Table structure for table `django_admin_log`
--

DROP TABLE IF EXISTS `django_admin_log`;
/*!40101 SET @saved_cs_client     = @@character_set_client */;
/*!50503 SET character_set_client = utf8mb4 */;
CREATE TABLE `django_admin_log` (
  `id` int NOT NULL AUTO_INCREMENT,
  `action_time` datetime(6) NOT NULL,
  `object_id` longtext,
  `object_repr` varchar(200) NOT NULL,
  `action_flag` smallint unsigned NOT NULL,
  `change_message` longtext NOT NULL,
  `content_type_id` int DEFAULT NULL,
  `user_id` int NOT NULL,
  PRIMARY KEY (`id`),
  KEY `django_admin_log_content_type_id_c4bce8eb_fk_django_co` (`content_type_id`),
  KEY `django_admin_log_user_id_c564eba6_fk_User_userprofile_id` (`user_id`),
  CONSTRAINT `django_admin_log_content_type_id_c4bce8eb_fk_django_co` FOREIGN KEY (`content_type_id`) REFERENCES `django_content_type` (`id`),
  CONSTRAINT `django_admin_log_user_id_c564eba6_fk_User_userprofile_id` FOREIGN KEY (`user_id`) REFERENCES `User_userprofile` (`id`)
) ENGINE=InnoDB AUTO_INCREMENT=150 DEFAULT CHARSET=utf8mb4 COLLATE=utf8mb4_0900_ai_ci;
/*!40101 SET character_set_client = @saved_cs_client */;

--
-- Dumping data for table `django_admin_log`
--

LOCK TABLES `django_admin_log` WRITE;
/*!40000 ALTER TABLE `django_admin_log` DISABLE KEYS */;
INSERT INTO `django_admin_log` VALUES (1,'2020-01-22 06:11:03.420249','1','vcrting@163.com',2,'[{\"changed\": {\"fields\": [\"nickName\", \"bith\", \"phone\"]}}]',12,1),(2,'2020-01-22 06:11:48.812634','2','-空白-',1,'[{\"added\": {}}]',12,1),(3,'2020-01-22 06:12:23.511755','2','chiwai@manfulls.com',2,'[{\"changed\": {\"fields\": [\"email\", \"nickName\", \"bith\"]}}]',12,1),(4,'2020-01-22 06:14:01.892208','1','地域名称：大陆前缀：+852',1,'[{\"added\": {}}]',6,1),(5,'2020-01-22 06:14:13.187804','2','地域名称：大陆前缀：+86',1,'[{\"added\": {}}]',6,1),(6,'2020-01-22 06:14:21.539281','3','地域名称：澳门前缀：+853',1,'[{\"added\": {}}]',6,1),(7,'2020-01-22 06:14:51.459235','1','手术',1,'[{\"added\": {}}]',7,1),(8,'2020-01-22 06:15:01.681842','2','疫苗',1,'[{\"added\": {}}]',7,1),(9,'2020-01-22 06:15:07.532032','3','通知',1,'[{\"added\": {}}]',7,1),(10,'2020-01-22 06:21:16.308167','1','Hepatitis B Vaccine',1,'[{\"added\": {}}]',9,1),(11,'2020-01-22 06:21:23.978000','1','ID: 176714, 模版: 歡迎你蒞臨123醫務中心。剛才已為你接種...',1,'[{\"added\": {}}]',10,1),(12,'2020-01-22 06:23:01.137806','2','Hepatitis A Vaccine',1,'[{\"added\": {}}]',9,1),(13,'2020-01-22 06:23:04.359228','2','ID: 176717, 模版: 歡迎你蒞臨123醫務中心。剛才已為你接種...',1,'[{\"added\": {}}]',10,1),(14,'2020-01-22 06:24:30.551817','3','Twinrix Vaccine',1,'[{\"added\": {}}]',9,1),(15,'2020-01-22 06:24:35.343153','3','ID: 176721, 模版: 歡迎你蒞臨123醫務中心。剛才已為你接種...',1,'[{\"added\": {}}]',10,1),(16,'2020-01-22 06:27:45.173848','4','感谢信推送',1,'[{\"added\": {}}]',9,1),(17,'2020-01-22 06:27:49.203140','4','ID: 176397, 模版: 尊敬的客人{{named}}，感謝您對本...',1,'[{\"added\": {}}]',10,1),(18,'2020-01-22 06:29:12.718332','1','配置1',1,'[{\"added\": {}}]',11,1),(19,'2020-01-22 06:29:46.085974','2','配置2',1,'[{\"added\": {}}]',11,1),(20,'2020-01-22 06:30:14.030058','3','配置3',1,'[{\"added\": {}}]',11,1),(21,'2020-01-22 07:03:03.113260','5','休养套餐推荐',1,'[{\"added\": {}}]',9,1),(22,'2020-01-22 07:03:10.657915','5','ID: 176397, 模版: 尊敬的客人，您的手术非常成功！！！但需几...',1,'[{\"added\": {}}]',10,1),(23,'2020-01-22 07:06:36.749663','2','地域名称：大陸前缀：+86',2,'[{\"changed\": {\"fields\": [\"named\"]}}]',6,1),(24,'2020-01-22 07:06:52.949233','1','地域名称：香港前缀：+852',2,'[{\"changed\": {\"fields\": [\"named\"]}}]',6,1),(25,'2020-01-22 07:07:06.184760','3','地域名称：澳門前缀：+853',2,'[{\"changed\": {\"fields\": [\"named\"]}}]',6,1),(26,'2020-01-22 07:07:55.048689','1','手術',2,'[{\"changed\": {\"fields\": [\"named\"]}}]',7,1),(27,'2020-01-22 07:08:54.754465','5','手術後休養提示',2,'[{\"changed\": {\"fields\": [\"named\"]}}]',9,1),(28,'2020-01-22 07:15:02.696368','2','接收者：chan pak ka，电话：92779625',3,'',15,1),(29,'2020-01-22 07:15:02.702059','1','接收者：Eric，电话：92779625',3,'',15,1),(30,'2020-02-04 09:06:58.253006','5','Option：1',2,'[{\"changed\": {\"fields\": [\"named\"]}}]',9,1),(31,'2020-02-04 09:07:07.779368','4','Option: 1',2,'[{\"changed\": {\"fields\": [\"named\"]}}]',9,1),(32,'2020-02-04 09:07:16.279404','5','Option: 1',2,'[{\"changed\": {\"fields\": [\"named\"]}}]',9,1),(33,'2020-02-04 09:10:13.932037','5','ID: 176397, 模版: 尊敬的客人，這裏是手術分類下的 Opti...',2,'[{\"changed\": {\"fields\": [\"content\", \"content_sub\"]}}]',10,1),(34,'2020-02-04 09:11:14.929711','4','ID: 176397, 模版: 尊敬的客人，這裏是通知分類下的 Opti...',2,'[{\"changed\": {\"fields\": [\"content\", \"content_sub\"]}}]',10,1),(35,'2020-02-04 09:11:33.754955','8','接收者：Chi，电话：15012514457',3,'',15,1),(36,'2020-02-04 09:11:33.762247','7','接收者：Ka，电话：92779625',3,'',15,1),(37,'2020-02-04 09:11:33.770125','6','接收者：Ka，电话：91740288',3,'',15,1),(38,'2020-02-04 09:11:33.775958','5','接收者：hui，电话：61515651',3,'',15,1),(39,'2020-02-04 09:11:33.781320','4','接收者：Chan Pak Ka，电话：92779625',3,'',15,1),(40,'2020-02-04 09:11:33.785688','3','接收者：Eric，电话：92779625',3,'',15,1),(41,'2020-02-04 09:12:07.616257','5','手术 Option: 1',2,'[{\"changed\": {\"fields\": [\"named\"]}}]',9,1),(42,'2020-02-04 09:12:13.839828','4','通知 Option: 1',2,'[{\"changed\": {\"fields\": [\"named\"]}}]',9,1),(43,'2020-02-06 07:46:21.412627','25','所属时间规则：1 schedule_id：SM3ea0c147d0c24bb09cdf201c7f78fa14',2,'[{\"changed\": {\"fields\": [\"send_finish_time\", \"send_origin_time\", \"send_status\", \"apply_status\"]}}]',13,1),(44,'2020-02-06 08:06:14.938660','25','所属时间规则：1 schedule_id：SMa5adead5d7394a098831404213d17cd4',2,'[{\"changed\": {\"fields\": [\"send_finish_time\", \"send_origin_time\", \"send_status\", \"apply_status\"]}}]',13,1),(45,'2020-02-06 16:16:40.844985','27','所属时间规则：3 schedule_id：SMc1f7179d36b94e39860ab45f74d386a0',2,'[{\"changed\": {\"fields\": [\"send_finish_time\", \"send_origin_time\", \"send_status\", \"apply_status\"]}}]',13,1),(46,'2020-02-07 03:40:04.615930','27','所属时间规则：3 schedule_id：SM7a08ccb140ba4d8f877c3bfab765b7ed',2,'[{\"changed\": {\"fields\": [\"send_finish_time\", \"send_origin_time\", \"send_status\", \"apply_status\"]}}]',13,1),(47,'2020-02-07 09:08:51.223598','27','所属时间规则：3 schedule_id：SMe9086779fc124d838ff49430d2c9120d',2,'[{\"changed\": {\"fields\": [\"send_finish_time\", \"send_origin_time\", \"send_status\", \"apply_status\"]}}]',13,1),(48,'2020-02-07 09:15:32.076161','27','所属时间规则：3 schedule_id：SM8994538e9f564f248e24bcd7b37f7ca2',2,'[{\"changed\": {\"fields\": [\"send_finish_time\", \"send_origin_time\", \"send_status\", \"apply_status\"]}}]',13,1),(49,'2020-02-07 09:26:34.650453','27','所属时间规则：3 schedule_id：SMcc29fdf31ad64ad2ab30d554efeb6b69',2,'[{\"changed\": {\"fields\": [\"send_finish_time\", \"send_origin_time\", \"send_status\", \"apply_status\"]}}]',13,1),(50,'2020-02-07 09:30:45.811287','27','所属时间规则：3 schedule_id：SM5ad1a76773bd4aa2aaa357466eec63f4',2,'[{\"changed\": {\"fields\": [\"send_finish_time\", \"send_origin_time\", \"send_status\", \"apply_status\"]}}]',13,1),(51,'2020-03-02 11:02:48.000196','6','Gardasil Vaccine',1,'[{\"added\": {}}]',9,1),(52,'2020-03-02 11:03:05.767641','6','ID: 176397, 模版: 歡迎蒞臨123醫務中心。你剛剛接種了第一...',1,'[{\"added\": {}}]',10,1),(53,'2020-03-02 11:04:20.015582','7','ATT Vaccine',1,'[{\"added\": {}}]',9,1),(54,'2020-03-02 11:04:24.612374','7','ID: 176397, 模版: 歡迎蒞臨123醫務中心。你剛剛接種了第一...',1,'[{\"added\": {}}]',10,1),(55,'2020-03-02 11:05:42.550150','8','influenza vaccine (<8y.o. 1st time)',1,'[{\"added\": {}}]',9,1),(56,'2020-03-02 11:05:45.853186','8','ID: 176397, 模版: 歡迎蒞臨123醫務中心。你的小朋友剛剛接...',1,'[{\"added\": {}}]',10,1),(57,'2020-03-02 11:06:37.021038','9','Rotateq Vaccine Po',1,'[{\"added\": {}}]',9,1),(58,'2020-03-02 11:06:40.438842','9','ID: 176397, 模版: 歡迎蒞臨123醫務中心。你的小朋友剛剛接...',1,'[{\"added\": {}}]',10,1),(59,'2020-03-02 11:07:27.107212','10','Plan A Vaccine',1,'[{\"added\": {}}]',9,1),(60,'2020-03-02 11:07:30.132471','10','ID: 176397, 模版: 歡迎蒞臨123醫務中心。你的小朋友剛剛接...',1,'[{\"added\": {}}]',10,1),(61,'2020-03-02 11:08:06.897466','11','Plan D Vaccine',1,'[{\"added\": {}}]',9,1),(62,'2020-03-02 11:08:09.768201','11','ID: 176397, 模版: 歡迎蒞臨123醫務中心。你的小朋友剛剛接...',1,'[{\"added\": {}}]',10,1),(63,'2020-03-02 11:08:41.153374','12','小手術',1,'[{\"added\": {}}]',9,1),(64,'2020-03-02 11:08:45.053993','12','ID: 176397, 模版: 多謝你今天蒞臨123醫務中心， 針對你今...',1,'[{\"added\": {}}]',10,1),(65,'2020-03-02 11:09:32.308403','13','1064 激光美白，去斑，嫩膚',1,'[{\"added\": {}}]',9,1),(66,'2020-03-02 11:11:57.403636','14','去毛激光',1,'[{\"added\": {}}]',9,1),(67,'2020-03-02 11:12:01.580601','13','ID: 176397, 模版: 多謝你今天蒞臨123醫務中心，今天用了 ...',1,'[{\"added\": {}}]',10,1),(68,'2020-03-02 11:12:15.588710','3','美容',2,'[{\"changed\": {\"fields\": [\"named\"]}}]',7,1),(69,'2020-03-02 11:13:30.408210','5','手术 Option: 1',3,'',9,1),(70,'2020-03-02 11:13:30.413887','4','通知 Option: 1',3,'',9,1),(71,'2020-03-02 11:19:54.822806','14','ID: 176397, 模版: 多謝你今天蒞臨123醫務中心， 1064...',1,'[{\"added\": {}}]',10,1),(72,'2020-03-02 11:20:35.052243','14','ID: 176397, 模版: 多謝你今天蒞臨123醫務中心， 1064...',2,'[{\"changed\": {\"fields\": [\"content_sub\"]}}]',10,1),(73,'2020-03-03 07:27:19.020220','3','-空白-',1,'[{\"added\": {}}]',12,1),(74,'2020-03-03 07:30:39.629719','3','123medhk@gmail.com',2,'[{\"changed\": {\"fields\": [\"email\", \"nickName\", \"bith\"]}}]',12,1),(75,'2020-03-03 07:50:58.847454','15','HiB Vaccine',1,'[{\"added\": {}}]',9,1),(76,'2020-03-03 07:51:08.193052','15','ID: 176397, 模版: 歡迎蒞臨123醫務中心。你的小朋友剛剛接...',1,'[{\"added\": {}}]',10,1),(77,'2020-03-03 08:31:21.362079','1','ID: 176714, 模版: 親愛的客戶{{named}}，歡迎你蒞臨...',2,'[{\"changed\": {\"fields\": [\"content\", \"content_sub\"]}}]',10,1),(78,'2020-03-03 08:32:41.217643','2','ID: 176717, 模版: 親愛的客戶{{named}}，歡迎你蒞臨...',2,'[{\"changed\": {\"fields\": [\"content\", \"content_sub\"]}}]',10,1),(79,'2020-03-03 08:33:25.405238','3','ID: 176721, 模版: 親愛的客戶{{named}}，剛才已為你...',2,'[{\"changed\": {\"fields\": [\"content\", \"content_sub\"]}}]',10,1),(80,'2020-03-03 08:34:39.867542','6','ID: 176397, 模版: 親愛的客戶{{named}}，歡迎蒞臨1...',2,'[{\"changed\": {\"fields\": [\"content\", \"content_sub\"]}}]',10,1),(81,'2020-03-03 08:35:15.868254','7','ID: 176397, 模版: 親愛的客戶{{named}}，歡迎蒞臨1...',2,'[{\"changed\": {\"fields\": [\"content\", \"content_sub\"]}}]',10,1),(82,'2020-03-03 08:35:49.555349','8','ID: 176397, 模版: 親愛的客戶{{named}}，歡迎蒞臨1...',2,'[{\"changed\": {\"fields\": [\"content\", \"content_sub\"]}}]',10,1),(83,'2020-03-03 08:36:23.342730','9','ID: 176397, 模版: 親愛的客戶{{named}}，歡迎蒞臨1...',2,'[{\"changed\": {\"fields\": [\"content\", \"content_sub\"]}}]',10,1),(84,'2020-03-03 08:37:03.548698','10','ID: 176397, 模版: 親愛的客戶{{named}}，歡迎蒞臨1...',2,'[{\"changed\": {\"fields\": [\"content\", \"content_sub\"]}}]',10,1),(85,'2020-03-03 08:37:38.132164','11','ID: 176397, 模版: 親愛的客戶{{named}}，歡迎蒞臨1...',2,'[{\"changed\": {\"fields\": [\"content\", \"content_sub\"]}}]',10,1),(86,'2020-03-03 08:38:22.338690','12','ID: 176397, 模版: 親愛的客戶{{named}}，多謝你今天...',2,'[{\"changed\": {\"fields\": [\"content\", \"content_sub\"]}}]',10,1),(87,'2020-03-03 08:39:04.197335','13','ID: 176397, 模版: 親愛的客戶{{named}}，多謝你蒞臨...',2,'[{\"changed\": {\"fields\": [\"content\", \"content_sub\"]}}]',10,1),(88,'2020-03-03 08:39:40.949200','14','ID: 176397, 模版: 親愛的客戶{{named}}，多謝你今天...',2,'[{\"changed\": {\"fields\": [\"content\", \"content_sub\"]}}]',10,1),(89,'2020-03-03 08:40:13.521399','15','ID: 176397, 模版: 親愛的客戶{{named}}，歡迎蒞臨1...',2,'[{\"changed\": {\"fields\": [\"content\", \"content_sub\"]}}]',10,1),(90,'2020-03-03 08:40:37.744370','1','ID: 176714, 模版: 親愛的客戶{{named}}，歡迎你蒞臨...',2,'[{\"changed\": {\"fields\": [\"is_para\"]}}]',10,1),(91,'2020-03-03 08:40:43.213477','2','ID: 176717, 模版: 親愛的客戶{{named}}，歡迎你蒞臨...',2,'[{\"changed\": {\"fields\": [\"is_para\"]}}]',10,1),(92,'2020-03-03 08:40:49.489423','3','ID: 176721, 模版: 親愛的客戶{{named}}，剛才已為你...',2,'[{\"changed\": {\"fields\": [\"is_para\"]}}]',10,1),(93,'2020-03-03 08:40:56.114490','6','ID: 176397, 模版: 親愛的客戶{{named}}，歡迎蒞臨1...',2,'[{\"changed\": {\"fields\": [\"is_para\"]}}]',10,1),(94,'2020-03-03 08:41:02.203102','7','ID: 176397, 模版: 親愛的客戶{{named}}，歡迎蒞臨1...',2,'[{\"changed\": {\"fields\": [\"is_para\"]}}]',10,1),(95,'2020-03-03 08:41:09.228709','10','ID: 176397, 模版: 親愛的客戶{{named}}，歡迎蒞臨1...',2,'[{\"changed\": {\"fields\": [\"is_para\"]}}]',10,1),(96,'2020-03-03 08:41:15.715301','15','ID: 176397, 模版: 親愛的客戶{{named}}，歡迎蒞臨1...',2,'[{\"changed\": {\"fields\": [\"is_para\"]}}]',10,1),(97,'2020-03-03 08:41:21.801962','14','ID: 176397, 模版: 親愛的客戶{{named}}，多謝你今天...',2,'[{\"changed\": {\"fields\": [\"is_para\"]}}]',10,1),(98,'2020-03-03 08:41:28.666343','13','ID: 176397, 模版: 親愛的客戶{{named}}，多謝你蒞臨...',2,'[{\"changed\": {\"fields\": [\"is_para\"]}}]',10,1),(99,'2020-03-03 08:41:34.823678','12','ID: 176397, 模版: 親愛的客戶{{named}}，多謝你今天...',2,'[{\"changed\": {\"fields\": [\"is_para\"]}}]',10,1),(100,'2020-03-03 08:41:41.015132','12','ID: 176397, 模版: 親愛的客戶{{named}}，多謝你今天...',2,'[]',10,1),(101,'2020-03-03 08:41:47.777409','11','ID: 176397, 模版: 親愛的客戶{{named}}，歡迎蒞臨1...',2,'[{\"changed\": {\"fields\": [\"is_para\"]}}]',10,1),(102,'2020-03-03 08:41:54.919844','9','ID: 176397, 模版: 親愛的客戶{{named}}，歡迎蒞臨1...',2,'[{\"changed\": {\"fields\": [\"is_para\"]}}]',10,1),(103,'2020-03-03 08:42:05.110283','8','ID: 176397, 模版: 親愛的客戶{{named}}，歡迎蒞臨1...',2,'[{\"changed\": {\"fields\": [\"is_para\"]}}]',10,1),(104,'2020-03-03 08:42:13.453611','7','ID: 176397, 模版: 親愛的客戶{{named}}，歡迎蒞臨1...',2,'[]',10,1),(105,'2020-03-03 08:42:18.756481','7','ID: 176397, 模版: 親愛的客戶{{named}}，歡迎蒞臨1...',2,'[]',10,1),(106,'2020-03-03 08:42:25.246159','8','ID: 176397, 模版: 親愛的客戶{{named}}，歡迎蒞臨1...',2,'[]',10,1),(107,'2020-03-03 08:42:32.380460','9','ID: 176397, 模版: 親愛的客戶{{named}}，歡迎蒞臨1...',2,'[]',10,1),(108,'2020-03-03 08:42:39.522477','10','ID: 176397, 模版: 親愛的客戶{{named}}，歡迎蒞臨1...',2,'[]',10,1),(109,'2020-03-03 09:49:19.270809','12','ID: 176397, 模版: 親愛的客戶{{named}}，多謝你今天...',2,'[{\"changed\": {\"fields\": [\"content\", \"content_sub\"]}}]',10,1),(110,'2020-03-03 10:04:04.286062','16','親愛的客戶',1,'[{\"added\": {}}]',9,1),(111,'2020-03-03 10:04:09.899485','16','ID: 176397, 模版: 親愛的客戶，親愛的客戶，親愛的客戶，親愛...',1,'[{\"added\": {}}]',10,1),(112,'2020-03-03 10:11:19.882337','16','ID: 176397, 模版: 一二三四五六七八九十一二三四五六七八九十...',2,'[{\"changed\": {\"fields\": [\"content\", \"content_sub\"]}}]',10,1),(113,'2020-03-03 10:14:57.780778','16','ID: 176397, 模版: 一二三四五六七八九十一二三四五六七八九十...',2,'[{\"changed\": {\"fields\": [\"content\", \"content_sub\"]}}]',10,1),(114,'2020-03-03 10:26:52.368885','16','親愛的客戶',3,'',9,1),(115,'2020-03-04 05:36:48.150643','12','ID: 176397, 模版: 多謝你今天蒞臨123醫務中心， 針對你今...',2,'[{\"changed\": {\"fields\": [\"content\", \"content_sub\", \"is_para\"]}}]',10,1),(116,'2020-03-04 08:13:41.965186','1','ID: 176714, 模版: 親愛的客戶{{named}}，歡迎你蒞臨...',2,'[{\"changed\": {\"fields\": [\"content\", \"content_sub\"]}}]',10,1),(117,'2020-03-04 08:13:50.344686','2','ID: 176717, 模版: 親愛的客戶{{named}}，歡迎你蒞臨...',2,'[{\"changed\": {\"fields\": [\"content\", \"content_sub\"]}}]',10,1),(118,'2020-03-04 08:13:59.963592','3','ID: 176721, 模版: 親愛的客戶{{named}}，剛才已為你...',2,'[{\"changed\": {\"fields\": [\"content\", \"content_sub\"]}}]',10,1),(119,'2020-03-04 08:14:08.756663','6','ID: 176397, 模版: 親愛的客戶{{named}}，歡迎蒞臨1...',2,'[{\"changed\": {\"fields\": [\"content\", \"content_sub\"]}}]',10,1),(120,'2020-03-04 08:14:16.522750','7','ID: 176397, 模版: 親愛的客戶{{named}}，歡迎蒞臨1...',2,'[{\"changed\": {\"fields\": [\"content\", \"content_sub\"]}}]',10,1),(121,'2020-03-04 08:14:24.791957','8','ID: 176397, 模版: 親愛的客戶{{named}}，歡迎蒞臨1...',2,'[{\"changed\": {\"fields\": [\"content\", \"content_sub\"]}}]',10,1),(122,'2020-03-04 08:14:33.553761','9','ID: 176397, 模版: 親愛的客戶{{named}}，歡迎蒞臨1...',2,'[{\"changed\": {\"fields\": [\"content\", \"content_sub\"]}}]',10,1),(123,'2020-03-04 08:14:41.926950','10','ID: 176397, 模版: 親愛的客戶{{named}}，歡迎蒞臨1...',2,'[{\"changed\": {\"fields\": [\"content\", \"content_sub\"]}}]',10,1),(124,'2020-03-04 08:14:50.307866','11','ID: 176397, 模版: 親愛的客戶{{named}}，歡迎蒞臨1...',2,'[{\"changed\": {\"fields\": [\"content\", \"content_sub\"]}}]',10,1),(125,'2020-03-04 08:15:01.789325','13','ID: 176397, 模版: 親愛的客戶{{named}}，多謝你蒞臨...',2,'[{\"changed\": {\"fields\": [\"content\", \"content_sub\"]}}]',10,1),(126,'2020-03-04 08:15:14.193178','14','ID: 176397, 模版: 親愛的客戶{{named}}，多謝你今天...',2,'[{\"changed\": {\"fields\": [\"content\", \"content_sub\"]}}]',10,1),(127,'2020-03-04 08:16:14.648706','15','ID: 176397, 模版: 親愛的客戶{{named}}，歡迎蒞臨1...',2,'[{\"changed\": {\"fields\": [\"content\", \"content_sub\"]}}]',10,1),(131,'2020-03-13 10:25:03.702402','4','-空白-',3,'',16,1),(132,'2020-03-13 10:25:03.714348','3','-空白-',3,'',16,1),(133,'2020-03-13 10:25:03.720411','2','-空白-',3,'',16,1),(134,'2020-03-13 10:25:03.726013','1','chan',3,'',16,1),(135,'2020-04-24 03:24:15.811969','5','-空白-',1,'[{\"added\": {}}]',12,1),(136,'2020-04-24 03:24:34.838556','5','-空白-',2,'[{\"changed\": {\"fields\": [\"nickName\", \"bith\"]}}]',12,1),(137,'2020-04-24 03:32:18.462467','5','-空白-',3,'',12,1),(138,'2020-04-24 03:32:38.690825','6','-空白-',1,'[{\"added\": {}}]',12,1),(139,'2020-04-24 03:32:49.929986','6','-空白-',2,'[{\"changed\": {\"fields\": [\"nickName\", \"bith\"]}}]',12,1),(140,'2020-04-24 03:34:28.654739','1','客人最高权限',1,'[{\"added\": {}}]',3,1),(141,'2020-04-24 03:34:39.434270','6','-空白-',2,'[{\"changed\": {\"fields\": [\"groups\"]}}]',12,1),(142,'2020-04-24 03:42:01.017184','6','-空白-',3,'',12,1),(143,'2020-04-24 03:42:11.753356','3','123medhk@gmail.com',3,'',12,1),(144,'2020-04-24 03:43:38.523669','1','客人的最高权限',2,'[{\"changed\": {\"fields\": [\"name\", \"permissions\"]}}]',3,1),(145,'2020-04-24 03:43:56.915262','7','-空白-',1,'[{\"added\": {}}]',12,1),(146,'2020-04-24 03:44:14.087680','7','123medhk@gmail.com',2,'[{\"changed\": {\"fields\": [\"email\", \"nickName\", \"bith\"]}}]',12,1),(147,'2020-04-24 03:49:36.127414','4','support@manfulls.com',3,'',12,1),(148,'2020-04-24 03:50:41.056289','8','-空白-',1,'[{\"added\": {}}]',12,1),(149,'2020-04-24 03:51:07.971272','8','support@manfulls.com',2,'[{\"changed\": {\"fields\": [\"email\", \"groups\", \"nickName\", \"bith\", \"phone\"]}}]',12,1);
/*!40000 ALTER TABLE `django_admin_log` ENABLE KEYS */;
UNLOCK TABLES;

--
-- Table structure for table `django_content_type`
--

DROP TABLE IF EXISTS `django_content_type`;
/*!40101 SET @saved_cs_client     = @@character_set_client */;
/*!50503 SET character_set_client = utf8mb4 */;
CREATE TABLE `django_content_type` (
  `id` int NOT NULL AUTO_INCREMENT,
  `app_label` varchar(100) NOT NULL,
  `model` varchar(100) NOT NULL,
  PRIMARY KEY (`id`),
  UNIQUE KEY `django_content_type_app_label_model_76bd3d3b_uniq` (`app_label`,`model`)
) ENGINE=InnoDB AUTO_INCREMENT=18 DEFAULT CHARSET=utf8mb4 COLLATE=utf8mb4_0900_ai_ci;
/*!40101 SET character_set_client = @saved_cs_client */;

--
-- Dumping data for table `django_content_type`
--

LOCK TABLES `django_content_type` WRITE;
/*!40000 ALTER TABLE `django_content_type` DISABLE KEYS */;
INSERT INTO `django_content_type` VALUES (1,'admin','logentry'),(3,'auth','group'),(2,'auth','permission'),(4,'contenttypes','contenttype'),(13,'Record','everytask'),(15,'Record','smstask'),(14,'Record','smstaskrecord'),(5,'sessions','session'),(6,'Sms','area'),(7,'Sms','category'),(8,'Sms','phone'),(9,'Sms','service'),(10,'Sms','smstemplate'),(16,'User','contact'),(17,'User','tag'),(12,'User','userprofile'),(11,'Web','smsconf');
/*!40000 ALTER TABLE `django_content_type` ENABLE KEYS */;
UNLOCK TABLES;

--
-- Table structure for table `django_migrations`
--

DROP TABLE IF EXISTS `django_migrations`;
/*!40101 SET @saved_cs_client     = @@character_set_client */;
/*!50503 SET character_set_client = utf8mb4 */;
CREATE TABLE `django_migrations` (
  `id` int NOT NULL AUTO_INCREMENT,
  `app` varchar(255) NOT NULL,
  `name` varchar(255) NOT NULL,
  `applied` datetime(6) NOT NULL,
  PRIMARY KEY (`id`)
) ENGINE=InnoDB AUTO_INCREMENT=36 DEFAULT CHARSET=utf8mb4 COLLATE=utf8mb4_0900_ai_ci;
/*!40101 SET character_set_client = @saved_cs_client */;

--
-- Dumping data for table `django_migrations`
--

LOCK TABLES `django_migrations` WRITE;
/*!40000 ALTER TABLE `django_migrations` DISABLE KEYS */;
INSERT INTO `django_migrations` VALUES (1,'Sms','0001_initial','2020-01-21 11:56:45.843119'),(2,'Record','0001_initial','2020-01-21 11:56:46.218373'),(3,'Sms','0002_smstemplate_sms_id_sub','2020-01-21 11:56:46.602798'),(4,'contenttypes','0001_initial','2020-01-21 11:56:46.679886'),(5,'contenttypes','0002_remove_content_type_name','2020-01-21 11:56:46.850760'),(6,'auth','0001_initial','2020-01-21 11:56:46.971218'),(7,'auth','0002_alter_permission_name_max_length','2020-01-21 11:56:47.344229'),(8,'auth','0003_alter_user_email_max_length','2020-01-21 11:56:47.369755'),(9,'auth','0004_alter_user_username_opts','2020-01-21 11:56:47.390092'),(10,'auth','0005_alter_user_last_login_null','2020-01-21 11:56:47.406484'),(11,'auth','0006_require_contenttypes_0002','2020-01-21 11:56:47.413767'),(12,'auth','0007_alter_validators_add_error_messages','2020-01-21 11:56:47.429092'),(13,'auth','0008_alter_user_username_max_length','2020-01-21 11:56:47.445458'),(14,'auth','0009_alter_user_last_name_max_length','2020-01-21 11:56:47.460770'),(15,'auth','0010_alter_group_name_max_length','2020-01-21 11:56:47.495222'),(16,'auth','0011_update_proxy_permissions','2020-01-21 11:56:47.521755'),(17,'User','0001_initial','2020-01-21 11:56:47.664464'),(18,'Web','0001_initial','2020-01-21 11:56:48.048382'),(19,'admin','0001_initial','2020-01-21 11:56:48.108932'),(20,'admin','0002_logentry_remove_auto_add','2020-01-21 11:56:48.287070'),(21,'admin','0003_logentry_add_action_flag_choices','2020-01-21 11:56:48.307100'),(22,'sessions','0001_initial','2020-01-21 11:56:48.352843'),(23,'Sms','0003_auto_20200302_1916','2020-03-02 11:16:13.057839'),(24,'Sms','0002_smstemplate_lang','2020-03-06 06:55:56.298184'),(25,'Sms','0003_delete_phone','2020-03-06 06:55:56.332224'),(26,'User','0002_contact','2020-03-06 06:55:56.408115'),(27,'Sms','0004_auto_20200309_1849','2020-03-09 10:49:20.645896'),(28,'User','0003_auto_20200309_1849','2020-03-09 10:49:20.666328'),(29,'Sms','0004_auto_20200311_1516','2020-03-11 07:16:47.708376'),(30,'User','0003_auto_20200311_1516','2020-03-11 07:16:47.727593'),(31,'Sms','0004_auto_20200311_1549','2020-03-12 04:06:03.789188'),(32,'User','0003_auto_20200311_1549','2020-03-12 04:06:03.867687'),(33,'User','0004_auto_20200312_1019','2020-03-12 04:06:03.966345'),(34,'User','0005_tag','2020-03-12 04:06:04.021073'),(35,'Record','0002_everytask_contact_id','2020-03-18 11:27:10.054328');
/*!40000 ALTER TABLE `django_migrations` ENABLE KEYS */;
UNLOCK TABLES;

--
-- Table structure for table `django_session`
--

DROP TABLE IF EXISTS `django_session`;
/*!40101 SET @saved_cs_client     = @@character_set_client */;
/*!50503 SET character_set_client = utf8mb4 */;
CREATE TABLE `django_session` (
  `session_key` varchar(40) NOT NULL,
  `session_data` longtext NOT NULL,
  `expire_date` datetime(6) NOT NULL,
  PRIMARY KEY (`session_key`),
  KEY `django_session_expire_date_a5c62663` (`expire_date`)
) ENGINE=InnoDB DEFAULT CHARSET=utf8mb4 COLLATE=utf8mb4_0900_ai_ci;
/*!40101 SET character_set_client = @saved_cs_client */;

--
-- Dumping data for table `django_session`
--

LOCK TABLES `django_session` WRITE;
/*!40000 ALTER TABLE `django_session` DISABLE KEYS */;
INSERT INTO `django_session` VALUES ('08zb8c67988kcvtzmf24701fdp22asx5','OGJlNTIyZGRkOThmNjIwYTFlMzU0ZDMzMTZhNjliZGM5MzA4M2Q0ZDp7ImlzTG9naW4iOmZhbHNlLCJ1c2VyIjpudWxsfQ==','2020-05-11 17:54:40.354340'),('0cl0mdbql58loj5odpgy6ijqalksef6t','OGJlNTIyZGRkOThmNjIwYTFlMzU0ZDMzMTZhNjliZGM5MzA4M2Q0ZDp7ImlzTG9naW4iOmZhbHNlLCJ1c2VyIjpudWxsfQ==','2020-03-14 00:02:21.947814'),('0g9x0j3uqlh7gu2ait0yak9b0nacqa29','OGJlNTIyZGRkOThmNjIwYTFlMzU0ZDMzMTZhNjliZGM5MzA4M2Q0ZDp7ImlzTG9naW4iOmZhbHNlLCJ1c2VyIjpudWxsfQ==','2020-04-20 01:18:32.989742'),('0q6lk3zo3cftuvugkye1cu2r8opd3wfw','OGJlNTIyZGRkOThmNjIwYTFlMzU0ZDMzMTZhNjliZGM5MzA4M2Q0ZDp7ImlzTG9naW4iOmZhbHNlLCJ1c2VyIjpudWxsfQ==','2020-03-26 22:55:55.802565'),('0q6rvulfd0lf23or1kok95vi593lh2b3','NWQyZTMxMjg5NTBjZGM4OTQzNmVjMThkOTlkMjQ3ZGQ0YjgzNjlmOTp7InVzZXIiOiJ2Y3J0aW5nQDE2My5jb20iLCJpc0xvZ2luIjp0cnVlLCJfYXV0aF91c2VyX2lkIjoiMSIsIl9hdXRoX3VzZXJfYmFja2VuZCI6ImRqYW5nby5jb250cmliLmF1dGguYmFja2VuZHMuTW9kZWxCYWNrZW5kIiwiX2F1dGhfdXNlcl9oYXNoIjoiOWFhMjFmMjIxYmEyZGRiYTFjYjViZTQ0MzkwZDYzNTg3MzVmNjJjMSJ9','2020-04-08 07:12:58.719686'),('0tmchv6f9r3fo81gh3zs2pyhblx9k1sc','MWYwNDBiMjI5ZTk2OTA0N2NiNDkwY2RmM2ZhOTFhOWUwZTU5MWJmNTp7InVzZXIiOiJ2Y3J0aW5nQDE2My5jb20iLCJpc0xvZ2luIjp0cnVlfQ==','2020-04-06 02:53:47.289526'),('0vw9i8bwiolr1gg1pfxf60z8d8ym8mqk','OGJlNTIyZGRkOThmNjIwYTFlMzU0ZDMzMTZhNjliZGM5MzA4M2Q0ZDp7ImlzTG9naW4iOmZhbHNlLCJ1c2VyIjpudWxsfQ==','2020-03-11 12:47:04.609517'),('0yb9or3f2dz4xui1gu772b6ok715x1bc','OGJlNTIyZGRkOThmNjIwYTFlMzU0ZDMzMTZhNjliZGM5MzA4M2Q0ZDp7ImlzTG9naW4iOmZhbHNlLCJ1c2VyIjpudWxsfQ==','2020-02-25 00:07:39.738205'),('14fhmhsn14l0ulxoatyc8jg9587ikzl1','OGJlNTIyZGRkOThmNjIwYTFlMzU0ZDMzMTZhNjliZGM5MzA4M2Q0ZDp7ImlzTG9naW4iOmZhbHNlLCJ1c2VyIjpudWxsfQ==','2020-02-25 00:07:35.948794'),('17bysjpwb2iwvdomwsrqozg24bgud23r','OGJlNTIyZGRkOThmNjIwYTFlMzU0ZDMzMTZhNjliZGM5MzA4M2Q0ZDp7ImlzTG9naW4iOmZhbHNlLCJ1c2VyIjpudWxsfQ==','2020-02-22 15:15:38.985853'),('17t4eo4rud8t91hbdllluej4q4qnuqmt','OGJlNTIyZGRkOThmNjIwYTFlMzU0ZDMzMTZhNjliZGM5MzA4M2Q0ZDp7ImlzTG9naW4iOmZhbHNlLCJ1c2VyIjpudWxsfQ==','2020-03-14 23:37:03.964749'),('1925gav0em8hm3h78t7o1okv32fuoatb','OGJlNTIyZGRkOThmNjIwYTFlMzU0ZDMzMTZhNjliZGM5MzA4M2Q0ZDp7ImlzTG9naW4iOmZhbHNlLCJ1c2VyIjpudWxsfQ==','2020-04-07 21:56:26.504410'),('1gleqsflgi5hozoyh94ad5tupryi9yll','OGJlNTIyZGRkOThmNjIwYTFlMzU0ZDMzMTZhNjliZGM5MzA4M2Q0ZDp7ImlzTG9naW4iOmZhbHNlLCJ1c2VyIjpudWxsfQ==','2020-04-10 20:48:28.126014'),('1ictdcqyvdoaq9uo59i193e8ns50yyui','OGJlNTIyZGRkOThmNjIwYTFlMzU0ZDMzMTZhNjliZGM5MzA4M2Q0ZDp7ImlzTG9naW4iOmZhbHNlLCJ1c2VyIjpudWxsfQ==','2020-03-23 23:04:36.713840'),('1ljcttkuo65smzalp6pdnnr2chpi6e4n','OGJlNTIyZGRkOThmNjIwYTFlMzU0ZDMzMTZhNjliZGM5MzA4M2Q0ZDp7ImlzTG9naW4iOmZhbHNlLCJ1c2VyIjpudWxsfQ==','2020-04-14 01:48:49.031779'),('1ndw72cqydx6gyiuv5tzu1uxvz8vrkbz','OGJlNTIyZGRkOThmNjIwYTFlMzU0ZDMzMTZhNjliZGM5MzA4M2Q0ZDp7ImlzTG9naW4iOmZhbHNlLCJ1c2VyIjpudWxsfQ==','2020-03-23 23:04:06.027564'),('1ovfe9b3skxyo5fezmpl15wz0f3ewvv9','OGJlNTIyZGRkOThmNjIwYTFlMzU0ZDMzMTZhNjliZGM5MzA4M2Q0ZDp7ImlzTG9naW4iOmZhbHNlLCJ1c2VyIjpudWxsfQ==','2020-05-02 17:37:48.740924'),('1pvrgenlkuear85lub0743je5z6fwajr','OGJlNTIyZGRkOThmNjIwYTFlMzU0ZDMzMTZhNjliZGM5MzA4M2Q0ZDp7ImlzTG9naW4iOmZhbHNlLCJ1c2VyIjpudWxsfQ==','2020-04-20 01:16:11.649334'),('1v8jufw5h0d9hhx0jvp6qx5i6hb2ojyg','OGJlNTIyZGRkOThmNjIwYTFlMzU0ZDMzMTZhNjliZGM5MzA4M2Q0ZDp7ImlzTG9naW4iOmZhbHNlLCJ1c2VyIjpudWxsfQ==','2020-04-10 21:02:36.293313'),('1wko024vpcdmphr4ktqjmi3bngc7tynw','NTFiODgxMjJkNzQ2MzMyYmExMDk4YzlkNGJmNjJmMDljMGFkZDNlYjp7Il9hdXRoX3VzZXJfaWQiOiIxIiwiX2F1dGhfdXNlcl9iYWNrZW5kIjoiZGphbmdvLmNvbnRyaWIuYXV0aC5iYWNrZW5kcy5Nb2RlbEJhY2tlbmQiLCJfYXV0aF91c2VyX2hhc2giOiI5YWEyMWYyMjFiYTJkZGJhMWNiNWJlNDQzOTBkNjM1ODczNWY2MmMxIiwidXNlciI6InZjcnRpbmdAMTYzLmNvbSIsImlzTG9naW4iOnRydWV9','2020-03-23 10:56:06.048920'),('1yiovkj04hsl638fj4alvsddp7gblxk3','OGJlNTIyZGRkOThmNjIwYTFlMzU0ZDMzMTZhNjliZGM5MzA4M2Q0ZDp7ImlzTG9naW4iOmZhbHNlLCJ1c2VyIjpudWxsfQ==','2020-05-19 02:50:19.424370'),('1zic3k54u519jhhfveid5gee5idt7doz','OGJlNTIyZGRkOThmNjIwYTFlMzU0ZDMzMTZhNjliZGM5MzA4M2Q0ZDp7ImlzTG9naW4iOmZhbHNlLCJ1c2VyIjpudWxsfQ==','2020-05-08 03:33:47.788669'),('24fqtp67ndtiusqs4en10ld68ku3kf6i','OGJlNTIyZGRkOThmNjIwYTFlMzU0ZDMzMTZhNjliZGM5MzA4M2Q0ZDp7ImlzTG9naW4iOmZhbHNlLCJ1c2VyIjpudWxsfQ==','2020-03-23 22:46:39.851454'),('264wu2eq8766cc32hin9o4ev86ndw3kf','OGJlNTIyZGRkOThmNjIwYTFlMzU0ZDMzMTZhNjliZGM5MzA4M2Q0ZDp7ImlzTG9naW4iOmZhbHNlLCJ1c2VyIjpudWxsfQ==','2020-04-19 22:37:48.776834'),('27ks9dykxp1jffeca2pi21o4iylm2777','OGJlNTIyZGRkOThmNjIwYTFlMzU0ZDMzMTZhNjliZGM5MzA4M2Q0ZDp7ImlzTG9naW4iOmZhbHNlLCJ1c2VyIjpudWxsfQ==','2020-03-04 23:11:17.374412'),('2ao1wejwbdbmpr8ary0h2m7iyj7jx5hp','OGJlNTIyZGRkOThmNjIwYTFlMzU0ZDMzMTZhNjliZGM5MzA4M2Q0ZDp7ImlzTG9naW4iOmZhbHNlLCJ1c2VyIjpudWxsfQ==','2020-03-30 18:29:04.029512'),('2im09j7thqeuavlgahspy0tmklh6ljjr','OGJlNTIyZGRkOThmNjIwYTFlMzU0ZDMzMTZhNjliZGM5MzA4M2Q0ZDp7ImlzTG9naW4iOmZhbHNlLCJ1c2VyIjpudWxsfQ==','2020-03-26 23:22:28.828930'),('2n4o5w43popbor001nx83rdry9sjmov7','OGJlNTIyZGRkOThmNjIwYTFlMzU0ZDMzMTZhNjliZGM5MzA4M2Q0ZDp7ImlzTG9naW4iOmZhbHNlLCJ1c2VyIjpudWxsfQ==','2020-03-27 01:23:04.810523'),('2t7oqb2601yovtx4mwh0sfa7izff8csz','OGJlNTIyZGRkOThmNjIwYTFlMzU0ZDMzMTZhNjliZGM5MzA4M2Q0ZDp7ImlzTG9naW4iOmZhbHNlLCJ1c2VyIjpudWxsfQ==','2020-04-11 19:17:50.422878'),('2zxn2r96cluhbieqancdza2ogzit4srx','OGJlNTIyZGRkOThmNjIwYTFlMzU0ZDMzMTZhNjliZGM5MzA4M2Q0ZDp7ImlzTG9naW4iOmZhbHNlLCJ1c2VyIjpudWxsfQ==','2020-04-07 21:56:29.746019'),('35oy192ulwnlefcbmukiq3xac149y5g2','OGJlNTIyZGRkOThmNjIwYTFlMzU0ZDMzMTZhNjliZGM5MzA4M2Q0ZDp7ImlzTG9naW4iOmZhbHNlLCJ1c2VyIjpudWxsfQ==','2020-04-11 19:09:42.747602'),('38ddbesc3rvw8ddrevlsyj5dxqrm7qgg','OGJlNTIyZGRkOThmNjIwYTFlMzU0ZDMzMTZhNjliZGM5MzA4M2Q0ZDp7ImlzTG9naW4iOmZhbHNlLCJ1c2VyIjpudWxsfQ==','2020-03-14 00:43:58.641798'),('3a934lptk9oyo3073cqfawclpcp73nv3','OGJlNTIyZGRkOThmNjIwYTFlMzU0ZDMzMTZhNjliZGM5MzA4M2Q0ZDp7ImlzTG9naW4iOmZhbHNlLCJ1c2VyIjpudWxsfQ==','2020-03-04 22:34:50.364826'),('3b4uvvjwmqlkizuzcsupqp3la0ey7au6','OGJlNTIyZGRkOThmNjIwYTFlMzU0ZDMzMTZhNjliZGM5MzA4M2Q0ZDp7ImlzTG9naW4iOmZhbHNlLCJ1c2VyIjpudWxsfQ==','2020-05-11 08:22:20.381846'),('3c891xbfqy7adomha5l7edh34i5mshri','OGJlNTIyZGRkOThmNjIwYTFlMzU0ZDMzMTZhNjliZGM5MzA4M2Q0ZDp7ImlzTG9naW4iOmZhbHNlLCJ1c2VyIjpudWxsfQ==','2020-04-05 19:54:56.259295'),('3dufaszrcjoo6k2dv9nzzfj2qnb9ckpd','ZjhhMTU1Njc3MjE4YmJhZmEyM2ZkMDE0OTQ3MmYzZjc3ZTg3NDJmZDp7Il9hdXRoX3VzZXJfaWQiOiI0IiwiX2F1dGhfdXNlcl9iYWNrZW5kIjoiZGphbmdvLmNvbnRyaWIuYXV0aC5iYWNrZW5kcy5Nb2RlbEJhY2tlbmQiLCJfYXV0aF91c2VyX2hhc2giOiJkNWE5MGU1YTAxYjU2YWE1NzFlMmIxNDhiY2E5NzVmMzY5ZDc5NDFlIiwidXNlciI6InZjcnRpbmdAMTYzLmNvbSIsImlzTG9naW4iOnRydWV9','2020-03-20 10:55:37.738351'),('3m2u68lhsis7nvt15nb20x1iwtscfwtl','OGJlNTIyZGRkOThmNjIwYTFlMzU0ZDMzMTZhNjliZGM5MzA4M2Q0ZDp7ImlzTG9naW4iOmZhbHNlLCJ1c2VyIjpudWxsfQ==','2020-03-14 23:34:49.180288'),('3qsw4jepxr521x0yccd90sgq5gvyh7tx','MjAxYjNjMGRiMzRiZjEyZmY2NmJkNzBmN2ZhODA0MTE1MjUzOGJhZTp7InVzZXIiOiJzdXBwb3J0QG1hbmZ1bGxzLmNvbSIsImlzTG9naW4iOnRydWV9','2020-05-21 06:43:27.431747'),('3vk19fwkxp0ur0tuhs3ctxirvp0z89f3','OGJlNTIyZGRkOThmNjIwYTFlMzU0ZDMzMTZhNjliZGM5MzA4M2Q0ZDp7ImlzTG9naW4iOmZhbHNlLCJ1c2VyIjpudWxsfQ==','2020-03-21 20:02:37.011576'),('41j7j1kxk4bpyvje568l45cm05yps6fb','OGJlNTIyZGRkOThmNjIwYTFlMzU0ZDMzMTZhNjliZGM5MzA4M2Q0ZDp7ImlzTG9naW4iOmZhbHNlLCJ1c2VyIjpudWxsfQ==','2020-04-02 03:34:51.997366'),('43kz0labbu5pxvi3cghljc8id4qzvgsh','OGJlNTIyZGRkOThmNjIwYTFlMzU0ZDMzMTZhNjliZGM5MzA4M2Q0ZDp7ImlzTG9naW4iOmZhbHNlLCJ1c2VyIjpudWxsfQ==','2020-04-19 22:44:46.551338'),('446miwbxr8z8n7ixwhj0p2vf5hpkp2ra','OGJlNTIyZGRkOThmNjIwYTFlMzU0ZDMzMTZhNjliZGM5MzA4M2Q0ZDp7ImlzTG9naW4iOmZhbHNlLCJ1c2VyIjpudWxsfQ==','2020-05-04 22:21:49.384071'),('46ojxzsqr49ofpjqixoy938wanu5a01p','OGJlNTIyZGRkOThmNjIwYTFlMzU0ZDMzMTZhNjliZGM5MzA4M2Q0ZDp7ImlzTG9naW4iOmZhbHNlLCJ1c2VyIjpudWxsfQ==','2020-04-20 01:19:25.822716'),('47o05xfspeq78txjap4tlnda4zecrw4c','OGJlNTIyZGRkOThmNjIwYTFlMzU0ZDMzMTZhNjliZGM5MzA4M2Q0ZDp7ImlzTG9naW4iOmZhbHNlLCJ1c2VyIjpudWxsfQ==','2020-02-25 00:12:56.007945'),('4fdyw9uk3k039gqx7u2jrnabot5ugb1i','OGJlNTIyZGRkOThmNjIwYTFlMzU0ZDMzMTZhNjliZGM5MzA4M2Q0ZDp7ImlzTG9naW4iOmZhbHNlLCJ1c2VyIjpudWxsfQ==','2020-03-07 20:48:12.833195'),('4q8bsvyid1cay63bf0q4rhygjvf5dzvg','NDkxNmRkMTE2MzBjZjU5MWM3OTE5NTBmMjY5NjUwZWZkZTE2MjQyNjp7Il9hdXRoX3VzZXJfaWQiOiIxIiwiX2F1dGhfdXNlcl9iYWNrZW5kIjoiZGphbmdvLmNvbnRyaWIuYXV0aC5iYWNrZW5kcy5Nb2RlbEJhY2tlbmQiLCJfYXV0aF91c2VyX2hhc2giOiI5YWEyMWYyMjFiYTJkZGJhMWNiNWJlNDQzOTBkNjM1ODczNWY2MmMxIn0=','2020-03-18 10:09:26.828895'),('4r412h0ktdd1tg09kbdmw0kh1e40x17s','OGJlNTIyZGRkOThmNjIwYTFlMzU0ZDMzMTZhNjliZGM5MzA4M2Q0ZDp7ImlzTG9naW4iOmZhbHNlLCJ1c2VyIjpudWxsfQ==','2020-04-11 19:09:32.821968'),('4ubafozwyp3rqfhq795cjgvu5yv4q2z9','OGJlNTIyZGRkOThmNjIwYTFlMzU0ZDMzMTZhNjliZGM5MzA4M2Q0ZDp7ImlzTG9naW4iOmZhbHNlLCJ1c2VyIjpudWxsfQ==','2020-03-21 19:53:58.077168'),('4ubm72uu13t671dtguvsqn3no02sk5oa','OGJlNTIyZGRkOThmNjIwYTFlMzU0ZDMzMTZhNjliZGM5MzA4M2Q0ZDp7ImlzTG9naW4iOmZhbHNlLCJ1c2VyIjpudWxsfQ==','2020-04-08 12:20:09.255641'),('4wsizda8xfdd3kvd8trmgzvxow8n2n3f','OGJlNTIyZGRkOThmNjIwYTFlMzU0ZDMzMTZhNjliZGM5MzA4M2Q0ZDp7ImlzTG9naW4iOmZhbHNlLCJ1c2VyIjpudWxsfQ==','2020-03-23 22:46:58.473106'),('4xysuxprm5anf02pe6bvech0p7ttjuxb','OGJlNTIyZGRkOThmNjIwYTFlMzU0ZDMzMTZhNjliZGM5MzA4M2Q0ZDp7ImlzTG9naW4iOmZhbHNlLCJ1c2VyIjpudWxsfQ==','2020-04-07 21:56:04.592063'),('51uhs4vlu09l2vqnaq1g5bbiufhi042m','OGJlNTIyZGRkOThmNjIwYTFlMzU0ZDMzMTZhNjliZGM5MzA4M2Q0ZDp7ImlzTG9naW4iOmZhbHNlLCJ1c2VyIjpudWxsfQ==','2020-03-05 01:25:11.524127'),('525s8w050r4uyfp5a2my52tyjyx2wj5a','OGJlNTIyZGRkOThmNjIwYTFlMzU0ZDMzMTZhNjliZGM5MzA4M2Q0ZDp7ImlzTG9naW4iOmZhbHNlLCJ1c2VyIjpudWxsfQ==','2020-05-21 21:45:44.873823'),('534n93pbpejl3r0hr47ykdtbpuwquiqs','OGJlNTIyZGRkOThmNjIwYTFlMzU0ZDMzMTZhNjliZGM5MzA4M2Q0ZDp7ImlzTG9naW4iOmZhbHNlLCJ1c2VyIjpudWxsfQ==','2020-03-30 18:27:29.636233'),('53t0iepqiuj880p1q28xa7w5mhklugsi','OGJlNTIyZGRkOThmNjIwYTFlMzU0ZDMzMTZhNjliZGM5MzA4M2Q0ZDp7ImlzTG9naW4iOmZhbHNlLCJ1c2VyIjpudWxsfQ==','2020-05-08 03:34:49.577938'),('58ezdhngffkdqfewqj43x15f676kd52i','NmJkZTZkOGI4MWUwYzkxYjFmMzM5Y2IwOGU1YWY1MGM5NWEwNmRhMjp7InVzZXIiOiJjaGl3YWlAbWFuZnVsbHMuY29tIiwiaXNMb2dpbiI6dHJ1ZX0=','2020-02-05 09:29:29.738619'),('58we820zfnpgj10625cdkitseixvwdb4','OGJlNTIyZGRkOThmNjIwYTFlMzU0ZDMzMTZhNjliZGM5MzA4M2Q0ZDp7ImlzTG9naW4iOmZhbHNlLCJ1c2VyIjpudWxsfQ==','2020-04-19 22:44:54.934242'),('59gf38yzp2sdd62xtw1xh4w7v1ls9mtb','OGJlNTIyZGRkOThmNjIwYTFlMzU0ZDMzMTZhNjliZGM5MzA4M2Q0ZDp7ImlzTG9naW4iOmZhbHNlLCJ1c2VyIjpudWxsfQ==','2020-04-11 19:12:43.803688'),('59xhsmevdyza3u60gknqg3e7ep95ge7u','OGJlNTIyZGRkOThmNjIwYTFlMzU0ZDMzMTZhNjliZGM5MzA4M2Q0ZDp7ImlzTG9naW4iOmZhbHNlLCJ1c2VyIjpudWxsfQ==','2020-04-05 19:55:19.861941'),('5a3qra05v2qg1jhkp8jwp1828gnmp0l6','NmJkZTZkOGI4MWUwYzkxYjFmMzM5Y2IwOGU1YWY1MGM5NWEwNmRhMjp7InVzZXIiOiJjaGl3YWlAbWFuZnVsbHMuY29tIiwiaXNMb2dpbiI6dHJ1ZX0=','2020-04-02 03:33:28.959539'),('5hajkz61mdz2gp4rcga3dd1aradvnyc5','OGJlNTIyZGRkOThmNjIwYTFlMzU0ZDMzMTZhNjliZGM5MzA4M2Q0ZDp7ImlzTG9naW4iOmZhbHNlLCJ1c2VyIjpudWxsfQ==','2020-03-02 18:43:53.982369'),('5jlf39chbpbv8nka7qhqqs9g3m0oazgy','MWYwNDBiMjI5ZTk2OTA0N2NiNDkwY2RmM2ZhOTFhOWUwZTU5MWJmNTp7InVzZXIiOiJ2Y3J0aW5nQDE2My5jb20iLCJpc0xvZ2luIjp0cnVlfQ==','2020-04-02 03:16:43.648851'),('5kfefq4ixdvxu5x7je4id95r4rfxe83r','OGJlNTIyZGRkOThmNjIwYTFlMzU0ZDMzMTZhNjliZGM5MzA4M2Q0ZDp7ImlzTG9naW4iOmZhbHNlLCJ1c2VyIjpudWxsfQ==','2020-03-18 19:36:12.629832'),('5n92a34420lyyy7blmkqg6p2hiy1uhhp','OGJlNTIyZGRkOThmNjIwYTFlMzU0ZDMzMTZhNjliZGM5MzA4M2Q0ZDp7ImlzTG9naW4iOmZhbHNlLCJ1c2VyIjpudWxsfQ==','2020-05-01 23:40:40.464536'),('5nfe79h2cjmirsfw768esqzng5wfo3xt','NmJkZTZkOGI4MWUwYzkxYjFmMzM5Y2IwOGU1YWY1MGM5NWEwNmRhMjp7InVzZXIiOiJjaGl3YWlAbWFuZnVsbHMuY29tIiwiaXNMb2dpbiI6dHJ1ZX0=','2020-03-16 11:36:19.821116'),('5oi6981t3iig0yz2nfjnxz3io3nrjh8n','OGJlNTIyZGRkOThmNjIwYTFlMzU0ZDMzMTZhNjliZGM5MzA4M2Q0ZDp7ImlzTG9naW4iOmZhbHNlLCJ1c2VyIjpudWxsfQ==','2020-02-22 15:06:28.501308'),('5oys75bpx58hrsmlm2l5s8ri1ck0536c','OGJlNTIyZGRkOThmNjIwYTFlMzU0ZDMzMTZhNjliZGM5MzA4M2Q0ZDp7ImlzTG9naW4iOmZhbHNlLCJ1c2VyIjpudWxsfQ==','2020-02-19 00:14:35.960743'),('5so5fx9bqy7gv5j5145dhzoy1j2b9l33','OGJlNTIyZGRkOThmNjIwYTFlMzU0ZDMzMTZhNjliZGM5MzA4M2Q0ZDp7ImlzTG9naW4iOmZhbHNlLCJ1c2VyIjpudWxsfQ==','2020-03-04 22:47:34.886313'),('5u7puk4eq7x608ij3ik5pli9md0ay3az','OGJlNTIyZGRkOThmNjIwYTFlMzU0ZDMzMTZhNjliZGM5MzA4M2Q0ZDp7ImlzTG9naW4iOmZhbHNlLCJ1c2VyIjpudWxsfQ==','2020-03-04 23:10:18.117670'),('5yfoky0dl1h3fuzv3cmzi27f5p3kbn0d','NTFiODgxMjJkNzQ2MzMyYmExMDk4YzlkNGJmNjJmMDljMGFkZDNlYjp7Il9hdXRoX3VzZXJfaWQiOiIxIiwiX2F1dGhfdXNlcl9iYWNrZW5kIjoiZGphbmdvLmNvbnRyaWIuYXV0aC5iYWNrZW5kcy5Nb2RlbEJhY2tlbmQiLCJfYXV0aF91c2VyX2hhc2giOiI5YWEyMWYyMjFiYTJkZGJhMWNiNWJlNDQzOTBkNjM1ODczNWY2MmMxIiwidXNlciI6InZjcnRpbmdAMTYzLmNvbSIsImlzTG9naW4iOnRydWV9','2020-02-05 10:09:11.698859'),('5zoo4lcv8o4p9hvdw0d83sg59yzjybvm','OGJlNTIyZGRkOThmNjIwYTFlMzU0ZDMzMTZhNjliZGM5MzA4M2Q0ZDp7ImlzTG9naW4iOmZhbHNlLCJ1c2VyIjpudWxsfQ==','2020-03-02 18:35:17.594668'),('697sq61rnpzliz5u0yasp1zbh3k4h41v','OGJlNTIyZGRkOThmNjIwYTFlMzU0ZDMzMTZhNjliZGM5MzA4M2Q0ZDp7ImlzTG9naW4iOmZhbHNlLCJ1c2VyIjpudWxsfQ==','2020-02-19 00:12:56.717601'),('6brdjvja9g0py7wjrhfg3wrh0bwdb6bd','OGJlNTIyZGRkOThmNjIwYTFlMzU0ZDMzMTZhNjliZGM5MzA4M2Q0ZDp7ImlzTG9naW4iOmZhbHNlLCJ1c2VyIjpudWxsfQ==','2020-03-11 12:55:43.211490'),('6dr9tzs3so61iy6wkbmp1054w0uj5q3e','OGJlNTIyZGRkOThmNjIwYTFlMzU0ZDMzMTZhNjliZGM5MzA4M2Q0ZDp7ImlzTG9naW4iOmZhbHNlLCJ1c2VyIjpudWxsfQ==','2020-05-08 11:42:09.091973'),('6eem7r2h9lwwom8dd31beczb5mrlkx2n','OGJlNTIyZGRkOThmNjIwYTFlMzU0ZDMzMTZhNjliZGM5MzA4M2Q0ZDp7ImlzTG9naW4iOmZhbHNlLCJ1c2VyIjpudWxsfQ==','2020-04-05 19:55:18.562028'),('6fl5qr23s7k2k1hhtzw3fwrbc2a7r9fd','N2ViZjlkNmJiM2RlYTdlMWYxYzA0ODM2YTUzMWFjNzRhMzNhZjFmMDp7InVzZXIiOiIxMjNtZWRoa0BnbWFpbC5jb20iLCJpc0xvZ2luIjp0cnVlfQ==','2020-05-20 03:49:33.505928'),('6hsrcjgt8s1kfod0owg4hob39zh18tbb','OGJlNTIyZGRkOThmNjIwYTFlMzU0ZDMzMTZhNjliZGM5MzA4M2Q0ZDp7ImlzTG9naW4iOmZhbHNlLCJ1c2VyIjpudWxsfQ==','2020-03-02 18:35:23.749770'),('6ko8u77vu5y0wh78ae3gf2j3kwgwq36m','OGJlNTIyZGRkOThmNjIwYTFlMzU0ZDMzMTZhNjliZGM5MzA4M2Q0ZDp7ImlzTG9naW4iOmZhbHNlLCJ1c2VyIjpudWxsfQ==','2020-05-08 16:19:26.040962'),('6nxe9p9o1saxb7zrjwdy5j889v238u1l','ZTIxMDBiM2U4MWZhNzkyOWMzMDIxN2Y4ZWM0M2NlMTNjNWVmYzI3OTp7InVzZXIiOm51bGwsImlzTG9naW4iOmZhbHNlfQ==','2020-05-08 15:25:51.140604'),('6r6ycfg7mnt7c9hiktti685pnnncc75i','OGJlNTIyZGRkOThmNjIwYTFlMzU0ZDMzMTZhNjliZGM5MzA4M2Q0ZDp7ImlzTG9naW4iOmZhbHNlLCJ1c2VyIjpudWxsfQ==','2020-03-02 18:42:18.351430'),('6v95vwhg2ixx0t0vamt7ycyt66w12z7y','OGJlNTIyZGRkOThmNjIwYTFlMzU0ZDMzMTZhNjliZGM5MzA4M2Q0ZDp7ImlzTG9naW4iOmZhbHNlLCJ1c2VyIjpudWxsfQ==','2020-04-02 03:42:07.180357'),('6xw162q146fcuniumnli1yoivl29kq7m','OGJlNTIyZGRkOThmNjIwYTFlMzU0ZDMzMTZhNjliZGM5MzA4M2Q0ZDp7ImlzTG9naW4iOmZhbHNlLCJ1c2VyIjpudWxsfQ==','2020-02-22 15:06:28.706692'),('7385p7aggz5a8tdgi59veipro1j74m70','OGJlNTIyZGRkOThmNjIwYTFlMzU0ZDMzMTZhNjliZGM5MzA4M2Q0ZDp7ImlzTG9naW4iOmZhbHNlLCJ1c2VyIjpudWxsfQ==','2020-05-01 23:40:34.291423'),('77naevhzr9dfbgjzg0a659zgwmkz5v5o','OGJlNTIyZGRkOThmNjIwYTFlMzU0ZDMzMTZhNjliZGM5MzA4M2Q0ZDp7ImlzTG9naW4iOmZhbHNlLCJ1c2VyIjpudWxsfQ==','2020-03-30 18:27:22.240196'),('7ezga8705yvyemkntl1anzgtz5vtf7d7','OGJlNTIyZGRkOThmNjIwYTFlMzU0ZDMzMTZhNjliZGM5MzA4M2Q0ZDp7ImlzTG9naW4iOmZhbHNlLCJ1c2VyIjpudWxsfQ==','2020-04-08 06:41:09.895859'),('7ii092g5n260mk7jkvu66dvkn0j5qb81','OGJlNTIyZGRkOThmNjIwYTFlMzU0ZDMzMTZhNjliZGM5MzA4M2Q0ZDp7ImlzTG9naW4iOmZhbHNlLCJ1c2VyIjpudWxsfQ==','2020-02-24 20:46:42.475599'),('7ixkci6fnji240a85yqxfyo2w2unrwzw','OGJlNTIyZGRkOThmNjIwYTFlMzU0ZDMzMTZhNjliZGM5MzA4M2Q0ZDp7ImlzTG9naW4iOmZhbHNlLCJ1c2VyIjpudWxsfQ==','2020-05-10 20:26:38.133936'),('7mb34gqv54xr821utxemybvrtvo97i3x','OGJlNTIyZGRkOThmNjIwYTFlMzU0ZDMzMTZhNjliZGM5MzA4M2Q0ZDp7ImlzTG9naW4iOmZhbHNlLCJ1c2VyIjpudWxsfQ==','2020-02-22 15:59:38.866779'),('7og64qyzxd3s2nga46hzc4a2zf5w703p','MDIzZTJjZTVkYjQzNDdkNTRmZTRiZDM4ZTUyNjRjY2UyZTgxMzc4Mzp7InVzZXIiOiJzdXBwb3J0QG1hbmZ1bGxzLmNvbSIsImlzTG9naW4iOnRydWUsIl9hdXRoX3VzZXJfaWQiOiI4IiwiX2F1dGhfdXNlcl9iYWNrZW5kIjoiZGphbmdvLmNvbnRyaWIuYXV0aC5iYWNrZW5kcy5Nb2RlbEJhY2tlbmQiLCJfYXV0aF91c2VyX2hhc2giOiI0NmM4ZTI4MWUxMzkwNzRiYjZjMzJkZTc5ZWUyYTI3MGU1MzEyZjJkIn0=','2020-05-08 04:33:23.786040'),('7qnv11215f8wgnwbwds0oh81f5eaptbb','OGJlNTIyZGRkOThmNjIwYTFlMzU0ZDMzMTZhNjliZGM5MzA4M2Q0ZDp7ImlzTG9naW4iOmZhbHNlLCJ1c2VyIjpudWxsfQ==','2020-05-19 02:50:16.336917'),('7uspvy8zf0p07o2i0ja8d54prq9payvb','OGJlNTIyZGRkOThmNjIwYTFlMzU0ZDMzMTZhNjliZGM5MzA4M2Q0ZDp7ImlzTG9naW4iOmZhbHNlLCJ1c2VyIjpudWxsfQ==','2020-04-10 21:03:41.123162'),('7ww3zbdnq01w7jo9e1yu43gdzjoai1rw','OGJlNTIyZGRkOThmNjIwYTFlMzU0ZDMzMTZhNjliZGM5MzA4M2Q0ZDp7ImlzTG9naW4iOmZhbHNlLCJ1c2VyIjpudWxsfQ==','2020-04-20 01:19:03.036648'),('7zf1gcmc73w3l4j90xpl00fpr1r5jtb3','OGJlNTIyZGRkOThmNjIwYTFlMzU0ZDMzMTZhNjliZGM5MzA4M2Q0ZDp7ImlzTG9naW4iOmZhbHNlLCJ1c2VyIjpudWxsfQ==','2020-03-21 14:45:58.411493'),('81c5bgnk3u3rx5xbtyweghumxtmfj25o','OGJlNTIyZGRkOThmNjIwYTFlMzU0ZDMzMTZhNjliZGM5MzA4M2Q0ZDp7ImlzTG9naW4iOmZhbHNlLCJ1c2VyIjpudWxsfQ==','2020-04-07 21:56:17.352079'),('8849y5poilkmdpb53knoh3jok6z5uwy1','OGJlNTIyZGRkOThmNjIwYTFlMzU0ZDMzMTZhNjliZGM5MzA4M2Q0ZDp7ImlzTG9naW4iOmZhbHNlLCJ1c2VyIjpudWxsfQ==','2020-02-18 20:58:21.858088'),('88f6igki9n8tk8ifp8xs3q6yfdw9obw9','OGJlNTIyZGRkOThmNjIwYTFlMzU0ZDMzMTZhNjliZGM5MzA4M2Q0ZDp7ImlzTG9naW4iOmZhbHNlLCJ1c2VyIjpudWxsfQ==','2020-05-08 06:35:09.440218'),('8a2vdcmcqx2tjtedmaqua40qyqp9iyu8','OGJlNTIyZGRkOThmNjIwYTFlMzU0ZDMzMTZhNjliZGM5MzA4M2Q0ZDp7ImlzTG9naW4iOmZhbHNlLCJ1c2VyIjpudWxsfQ==','2020-04-11 17:23:13.542730'),('8c0zrpsvml2ya81kpk50cycjrfs616ef','OGJlNTIyZGRkOThmNjIwYTFlMzU0ZDMzMTZhNjliZGM5MzA4M2Q0ZDp7ImlzTG9naW4iOmZhbHNlLCJ1c2VyIjpudWxsfQ==','2020-03-04 22:34:02.314099'),('8nnye9hl0jam9tccosxrpj2iypwj2j9w','OGJlNTIyZGRkOThmNjIwYTFlMzU0ZDMzMTZhNjliZGM5MzA4M2Q0ZDp7ImlzTG9naW4iOmZhbHNlLCJ1c2VyIjpudWxsfQ==','2020-03-11 12:42:08.979621'),('8ozp1cm7azocig618ln1a8if03knoob9','OGJlNTIyZGRkOThmNjIwYTFlMzU0ZDMzMTZhNjliZGM5MzA4M2Q0ZDp7ImlzTG9naW4iOmZhbHNlLCJ1c2VyIjpudWxsfQ==','2020-03-14 21:21:19.066603'),('8pj51h5wdwzmevwc3ihs87nht1c2o202','OGJlNTIyZGRkOThmNjIwYTFlMzU0ZDMzMTZhNjliZGM5MzA4M2Q0ZDp7ImlzTG9naW4iOmZhbHNlLCJ1c2VyIjpudWxsfQ==','2020-03-04 23:11:17.139984'),('8r7371qp8vwd8ce9e119pr55qbo7rizd','OGJlNTIyZGRkOThmNjIwYTFlMzU0ZDMzMTZhNjliZGM5MzA4M2Q0ZDp7ImlzTG9naW4iOmZhbHNlLCJ1c2VyIjpudWxsfQ==','2020-03-26 22:59:33.377084'),('90a9lqpgx0vleauzbilbtzfo8wj2dpf5','OGJlNTIyZGRkOThmNjIwYTFlMzU0ZDMzMTZhNjliZGM5MzA4M2Q0ZDp7ImlzTG9naW4iOmZhbHNlLCJ1c2VyIjpudWxsfQ==','2020-03-30 18:27:22.087748'),('914tqfg9jvq7tovgzbn72kpqpdbqhx06','OGJlNTIyZGRkOThmNjIwYTFlMzU0ZDMzMTZhNjliZGM5MzA4M2Q0ZDp7ImlzTG9naW4iOmZhbHNlLCJ1c2VyIjpudWxsfQ==','2020-03-14 23:18:32.914407'),('91n19ri3qa06s2m4rf2pnivna7x53b0v','OGJlNTIyZGRkOThmNjIwYTFlMzU0ZDMzMTZhNjliZGM5MzA4M2Q0ZDp7ImlzTG9naW4iOmZhbHNlLCJ1c2VyIjpudWxsfQ==','2020-04-02 03:36:36.764403'),('96jfc0e6e4jqtythpe0t2wvizrbbkjwl','OGJlNTIyZGRkOThmNjIwYTFlMzU0ZDMzMTZhNjliZGM5MzA4M2Q0ZDp7ImlzTG9naW4iOmZhbHNlLCJ1c2VyIjpudWxsfQ==','2020-03-11 13:35:57.335273'),('96x73zl21nh8llwumnx5o2ypblvxfxc1','OGJlNTIyZGRkOThmNjIwYTFlMzU0ZDMzMTZhNjliZGM5MzA4M2Q0ZDp7ImlzTG9naW4iOmZhbHNlLCJ1c2VyIjpudWxsfQ==','2020-04-02 03:35:27.407336'),('98e0pfgwt3xhn5j8zqa3uhiza4pducm7','OGJlNTIyZGRkOThmNjIwYTFlMzU0ZDMzMTZhNjliZGM5MzA4M2Q0ZDp7ImlzTG9naW4iOmZhbHNlLCJ1c2VyIjpudWxsfQ==','2020-04-08 17:51:04.445263'),('99ycsq3uxomeyfou7h35sehhun7r0dm7','OGJlNTIyZGRkOThmNjIwYTFlMzU0ZDMzMTZhNjliZGM5MzA4M2Q0ZDp7ImlzTG9naW4iOmZhbHNlLCJ1c2VyIjpudWxsfQ==','2020-05-04 22:22:37.336570'),('9erx7v9q9f0lj13gg4rhqdx7b7mjniut','OGJlNTIyZGRkOThmNjIwYTFlMzU0ZDMzMTZhNjliZGM5MzA4M2Q0ZDp7ImlzTG9naW4iOmZhbHNlLCJ1c2VyIjpudWxsfQ==','2020-03-04 20:42:27.744675'),('9hxx8hapxpgswq0dy3glf97jhv7upcdo','OGJlNTIyZGRkOThmNjIwYTFlMzU0ZDMzMTZhNjliZGM5MzA4M2Q0ZDp7ImlzTG9naW4iOmZhbHNlLCJ1c2VyIjpudWxsfQ==','2020-05-08 06:36:00.927312'),('9jh05tuooxy6r18i4tjrbtyymr00l4pl','MDM1MWQ0M2YzNmFiNjIxZDdjNGY0YWE1OTI3YTUyNTQ4NTIyZmQ5MTp7Il9hdXRoX3VzZXJfaWQiOiIxIiwiX2F1dGhfdXNlcl9iYWNrZW5kIjoiZGphbmdvLmNvbnRyaWIuYXV0aC5iYWNrZW5kcy5Nb2RlbEJhY2tlbmQiLCJfYXV0aF91c2VyX2hhc2giOiI5YWEyMWYyMjFiYTJkZGJhMWNiNWJlNDQzOTBkNjM1ODczNWY2MmMxIiwiaXNMb2dpbiI6dHJ1ZSwidXNlciI6IjEyM21lZGhrQGdtYWlsLmNvbSJ9','2020-03-17 07:31:07.667071'),('9m10vae1ehitot844pqsnv0srxh05zz7','OGJlNTIyZGRkOThmNjIwYTFlMzU0ZDMzMTZhNjliZGM5MzA4M2Q0ZDp7ImlzTG9naW4iOmZhbHNlLCJ1c2VyIjpudWxsfQ==','2020-04-10 21:02:36.447107'),('9rgmyytlry92fe1krq5tty55l9gxtc02','OGJlNTIyZGRkOThmNjIwYTFlMzU0ZDMzMTZhNjliZGM5MzA4M2Q0ZDp7ImlzTG9naW4iOmZhbHNlLCJ1c2VyIjpudWxsfQ==','2020-04-02 03:35:23.153049'),('9vzknhxx6nkemvu6957cl7eq97wuw1j8','NmJkZTZkOGI4MWUwYzkxYjFmMzM5Y2IwOGU1YWY1MGM5NWEwNmRhMjp7InVzZXIiOiJjaGl3YWlAbWFuZnVsbHMuY29tIiwiaXNMb2dpbiI6dHJ1ZX0=','2020-04-07 09:58:12.801551'),('a15e8zli71s26hh4i4hr3d6llajm4j58','OGJlNTIyZGRkOThmNjIwYTFlMzU0ZDMzMTZhNjliZGM5MzA4M2Q0ZDp7ImlzTG9naW4iOmZhbHNlLCJ1c2VyIjpudWxsfQ==','2020-03-02 01:21:01.655500'),('a50wwjng2mtfjqwrrbyivd0z680f3eul','OGJlNTIyZGRkOThmNjIwYTFlMzU0ZDMzMTZhNjliZGM5MzA4M2Q0ZDp7ImlzTG9naW4iOmZhbHNlLCJ1c2VyIjpudWxsfQ==','2020-03-07 22:46:19.359932'),('a7vdgs1ksbug6om5slzaipxr6m9m8wvw','OGJlNTIyZGRkOThmNjIwYTFlMzU0ZDMzMTZhNjliZGM5MzA4M2Q0ZDp7ImlzTG9naW4iOmZhbHNlLCJ1c2VyIjpudWxsfQ==','2020-03-14 00:17:28.005764'),('ab0cjtacs7j071szr14qgzxw4r36ez3s','OGJlNTIyZGRkOThmNjIwYTFlMzU0ZDMzMTZhNjliZGM5MzA4M2Q0ZDp7ImlzTG9naW4iOmZhbHNlLCJ1c2VyIjpudWxsfQ==','2020-05-20 03:34:48.533361'),('abjm3etgk23hiewascqxzof2piwjf86l','OGJlNTIyZGRkOThmNjIwYTFlMzU0ZDMzMTZhNjliZGM5MzA4M2Q0ZDp7ImlzTG9naW4iOmZhbHNlLCJ1c2VyIjpudWxsfQ==','2020-04-20 01:17:15.196112'),('ahpexa4qbbghwtnfef0ppthq3dvs3kp5','NWQyZTMxMjg5NTBjZGM4OTQzNmVjMThkOTlkMjQ3ZGQ0YjgzNjlmOTp7InVzZXIiOiJ2Y3J0aW5nQDE2My5jb20iLCJpc0xvZ2luIjp0cnVlLCJfYXV0aF91c2VyX2lkIjoiMSIsIl9hdXRoX3VzZXJfYmFja2VuZCI6ImRqYW5nby5jb250cmliLmF1dGguYmFja2VuZHMuTW9kZWxCYWNrZW5kIiwiX2F1dGhfdXNlcl9oYXNoIjoiOWFhMjFmMjIxYmEyZGRiYTFjYjViZTQ0MzkwZDYzNTg3MzVmNjJjMSJ9','2020-02-18 09:06:05.323627'),('anx0ktwq8zw1ov9mtzuejk7hsp5x6bzp','OGJlNTIyZGRkOThmNjIwYTFlMzU0ZDMzMTZhNjliZGM5MzA4M2Q0ZDp7ImlzTG9naW4iOmZhbHNlLCJ1c2VyIjpudWxsfQ==','2020-05-19 02:50:50.689119'),('aoelr4d7jqj7eqls44x3gclrmyfaoa4g','OGJlNTIyZGRkOThmNjIwYTFlMzU0ZDMzMTZhNjliZGM5MzA4M2Q0ZDp7ImlzTG9naW4iOmZhbHNlLCJ1c2VyIjpudWxsfQ==','2020-03-23 23:04:14.420755'),('ap89dk5n6exow0yhmfpr5j064ndvtif5','OGJlNTIyZGRkOThmNjIwYTFlMzU0ZDMzMTZhNjliZGM5MzA4M2Q0ZDp7ImlzTG9naW4iOmZhbHNlLCJ1c2VyIjpudWxsfQ==','2020-04-14 01:48:57.755996'),('aq0wixgtqwqplyv8jjxv1k8z1lovmfsm','OGJlNTIyZGRkOThmNjIwYTFlMzU0ZDMzMTZhNjliZGM5MzA4M2Q0ZDp7ImlzTG9naW4iOmZhbHNlLCJ1c2VyIjpudWxsfQ==','2020-03-18 19:36:14.474725'),('askbauqhwzepvi9rwko4xqb203wyo8m2','OGJlNTIyZGRkOThmNjIwYTFlMzU0ZDMzMTZhNjliZGM5MzA4M2Q0ZDp7ImlzTG9naW4iOmZhbHNlLCJ1c2VyIjpudWxsfQ==','2020-04-10 21:31:03.610799'),('azq0yzr2gmagebsgmal28v42esz6upch','OGJlNTIyZGRkOThmNjIwYTFlMzU0ZDMzMTZhNjliZGM5MzA4M2Q0ZDp7ImlzTG9naW4iOmZhbHNlLCJ1c2VyIjpudWxsfQ==','2020-03-11 12:55:42.423816'),('b7h0vedh8qx5wi223fnrw99moyk09ivl','OGJlNTIyZGRkOThmNjIwYTFlMzU0ZDMzMTZhNjliZGM5MzA4M2Q0ZDp7ImlzTG9naW4iOmZhbHNlLCJ1c2VyIjpudWxsfQ==','2020-02-19 00:13:47.156412'),('b8pplgwwzhd078s05o64s42gjstowftc','NmJkZTZkOGI4MWUwYzkxYjFmMzM5Y2IwOGU1YWY1MGM5NWEwNmRhMjp7InVzZXIiOiJjaGl3YWlAbWFuZnVsbHMuY29tIiwiaXNMb2dpbiI6dHJ1ZX0=','2020-04-07 13:04:30.433747'),('bdflw8s4uuiq4wy2waecb3qethtakkzl','OGJlNTIyZGRkOThmNjIwYTFlMzU0ZDMzMTZhNjliZGM5MzA4M2Q0ZDp7ImlzTG9naW4iOmZhbHNlLCJ1c2VyIjpudWxsfQ==','2020-02-24 22:46:34.775149'),('bdkzhsvyrwbq4gs1aw7pzzscwaeje3ee','OGJlNTIyZGRkOThmNjIwYTFlMzU0ZDMzMTZhNjliZGM5MzA4M2Q0ZDp7ImlzTG9naW4iOmZhbHNlLCJ1c2VyIjpudWxsfQ==','2020-02-22 15:06:15.434420'),('bfc02ogbkhp185em4rkon2pteqoywyl6','OGJlNTIyZGRkOThmNjIwYTFlMzU0ZDMzMTZhNjliZGM5MzA4M2Q0ZDp7ImlzTG9naW4iOmZhbHNlLCJ1c2VyIjpudWxsfQ==','2020-02-19 00:02:59.996002'),('bkf7l2k17oois014nsa9hdlywwc4qjs9','OGJlNTIyZGRkOThmNjIwYTFlMzU0ZDMzMTZhNjliZGM5MzA4M2Q0ZDp7ImlzTG9naW4iOmZhbHNlLCJ1c2VyIjpudWxsfQ==','2020-04-08 06:41:10.032616'),('bn8utdnluqs2292jhvl0pxe31y9jwwol','OGJlNTIyZGRkOThmNjIwYTFlMzU0ZDMzMTZhNjliZGM5MzA4M2Q0ZDp7ImlzTG9naW4iOmZhbHNlLCJ1c2VyIjpudWxsfQ==','2020-04-14 01:49:35.292251'),('bnrcvha6ln53mmspv6i2xcyxfizdb4gp','NmJkZTZkOGI4MWUwYzkxYjFmMzM5Y2IwOGU1YWY1MGM5NWEwNmRhMjp7InVzZXIiOiJjaGl3YWlAbWFuZnVsbHMuY29tIiwiaXNMb2dpbiI6dHJ1ZX0=','2020-02-05 10:06:54.324055'),('bqyfm6kopueaff4gl2utsk826b7geaep','OGJlNTIyZGRkOThmNjIwYTFlMzU0ZDMzMTZhNjliZGM5MzA4M2Q0ZDp7ImlzTG9naW4iOmZhbHNlLCJ1c2VyIjpudWxsfQ==','2020-03-11 13:40:20.596271'),('br0kbqb4hgj102eega48snh160f8yyfy','OGJlNTIyZGRkOThmNjIwYTFlMzU0ZDMzMTZhNjliZGM5MzA4M2Q0ZDp7ImlzTG9naW4iOmZhbHNlLCJ1c2VyIjpudWxsfQ==','2020-02-19 00:13:57.793669'),('bzj9pohwemkifqv9l63ceq3y9udba287','N2ViZjlkNmJiM2RlYTdlMWYxYzA0ODM2YTUzMWFjNzRhMzNhZjFmMDp7InVzZXIiOiIxMjNtZWRoa0BnbWFpbC5jb20iLCJpc0xvZ2luIjp0cnVlfQ==','2020-05-20 05:39:27.253504'),('c0nlvytbywo7b2lv945t2iuagnl7g1p4','OGJlNTIyZGRkOThmNjIwYTFlMzU0ZDMzMTZhNjliZGM5MzA4M2Q0ZDp7ImlzTG9naW4iOmZhbHNlLCJ1c2VyIjpudWxsfQ==','2020-03-26 22:59:33.226575'),('c1w3hqaw3x0bly47z0u9lrkkw2ug20m8','OGJlNTIyZGRkOThmNjIwYTFlMzU0ZDMzMTZhNjliZGM5MzA4M2Q0ZDp7ImlzTG9naW4iOmZhbHNlLCJ1c2VyIjpudWxsfQ==','2020-04-19 22:37:53.826564'),('c4t4zs9mgs6h2rdko2wkqnykldpi18c9','OGJlNTIyZGRkOThmNjIwYTFlMzU0ZDMzMTZhNjliZGM5MzA4M2Q0ZDp7ImlzTG9naW4iOmZhbHNlLCJ1c2VyIjpudWxsfQ==','2020-03-21 20:02:36.855849'),('c8lr9mj0f5ufjvtpvlee8dibva2wtfsc','OGJlNTIyZGRkOThmNjIwYTFlMzU0ZDMzMTZhNjliZGM5MzA4M2Q0ZDp7ImlzTG9naW4iOmZhbHNlLCJ1c2VyIjpudWxsfQ==','2020-03-23 20:41:57.442464'),('ca7fbv4tm48mcbt5a0q5860kdycnpnmz','OGJlNTIyZGRkOThmNjIwYTFlMzU0ZDMzMTZhNjliZGM5MzA4M2Q0ZDp7ImlzTG9naW4iOmZhbHNlLCJ1c2VyIjpudWxsfQ==','2020-03-21 14:46:16.210542'),('cculfy03aajklpe8jqyzgvpm9nf86jog','OGJlNTIyZGRkOThmNjIwYTFlMzU0ZDMzMTZhNjliZGM5MzA4M2Q0ZDp7ImlzTG9naW4iOmZhbHNlLCJ1c2VyIjpudWxsfQ==','2020-04-14 01:49:23.937607'),('cim5cqixucyeqgtlzt31u8opib37phg8','OGJlNTIyZGRkOThmNjIwYTFlMzU0ZDMzMTZhNjliZGM5MzA4M2Q0ZDp7ImlzTG9naW4iOmZhbHNlLCJ1c2VyIjpudWxsfQ==','2020-03-21 14:44:16.698085'),('cw9zjyoe8lvxbdjvgai4wpxtlt7m6p4n','OGJlNTIyZGRkOThmNjIwYTFlMzU0ZDMzMTZhNjliZGM5MzA4M2Q0ZDp7ImlzTG9naW4iOmZhbHNlLCJ1c2VyIjpudWxsfQ==','2020-02-22 15:15:00.933867'),('cwmw9xrsudfklyhn0opw9ao3b1zaqkjw','OGJlNTIyZGRkOThmNjIwYTFlMzU0ZDMzMTZhNjliZGM5MzA4M2Q0ZDp7ImlzTG9naW4iOmZhbHNlLCJ1c2VyIjpudWxsfQ==','2020-03-23 23:04:36.572980'),('cys9bnvyfyytynqy3x0hx6h9im4ueseg','OGJlNTIyZGRkOThmNjIwYTFlMzU0ZDMzMTZhNjliZGM5MzA4M2Q0ZDp7ImlzTG9naW4iOmZhbHNlLCJ1c2VyIjpudWxsfQ==','2020-04-11 17:23:42.750140'),('d2riijl1swb1upiq286w6j6pb3ijrir7','OGJlNTIyZGRkOThmNjIwYTFlMzU0ZDMzMTZhNjliZGM5MzA4M2Q0ZDp7ImlzTG9naW4iOmZhbHNlLCJ1c2VyIjpudWxsfQ==','2020-04-11 19:10:12.863456'),('d3ekkspgu5yc56x3ozfbhlo07aib3nsh','OGJlNTIyZGRkOThmNjIwYTFlMzU0ZDMzMTZhNjliZGM5MzA4M2Q0ZDp7ImlzTG9naW4iOmZhbHNlLCJ1c2VyIjpudWxsfQ==','2020-03-11 12:42:06.211945'),('d6zah0exnkojru5g32t18z3fv4jf1wfc','OGJlNTIyZGRkOThmNjIwYTFlMzU0ZDMzMTZhNjliZGM5MzA4M2Q0ZDp7ImlzTG9naW4iOmZhbHNlLCJ1c2VyIjpudWxsfQ==','2020-03-30 18:27:19.736716'),('d73n6wtboy9yty79fhyzwl9w5c6sgvxv','NmJkZTZkOGI4MWUwYzkxYjFmMzM5Y2IwOGU1YWY1MGM5NWEwNmRhMjp7InVzZXIiOiJjaGl3YWlAbWFuZnVsbHMuY29tIiwiaXNMb2dpbiI6dHJ1ZX0=','2020-05-01 14:06:42.774464'),('d7zyb708h199ktxvwb02i0yu7nz694nx','OGJlNTIyZGRkOThmNjIwYTFlMzU0ZDMzMTZhNjliZGM5MzA4M2Q0ZDp7ImlzTG9naW4iOmZhbHNlLCJ1c2VyIjpudWxsfQ==','2020-03-11 13:40:13.210913'),('dj51fszb6ty5xgex0jrr6cvf6cu2ddsj','OGJlNTIyZGRkOThmNjIwYTFlMzU0ZDMzMTZhNjliZGM5MzA4M2Q0ZDp7ImlzTG9naW4iOmZhbHNlLCJ1c2VyIjpudWxsfQ==','2020-03-07 20:45:05.340742'),('do68gjmkbb4nwemlelxsnwcr5xphareq','OGJlNTIyZGRkOThmNjIwYTFlMzU0ZDMzMTZhNjliZGM5MzA4M2Q0ZDp7ImlzTG9naW4iOmZhbHNlLCJ1c2VyIjpudWxsfQ==','2020-04-02 03:41:14.196896'),('dqnh9aoyp57topy3sbeagov7pzy1cgo7','OGJlNTIyZGRkOThmNjIwYTFlMzU0ZDMzMTZhNjliZGM5MzA4M2Q0ZDp7ImlzTG9naW4iOmZhbHNlLCJ1c2VyIjpudWxsfQ==','2020-05-11 07:49:24.671540'),('dr6swv8i08p9lqkum240xdrzwy6dz9ut','OGJlNTIyZGRkOThmNjIwYTFlMzU0ZDMzMTZhNjliZGM5MzA4M2Q0ZDp7ImlzTG9naW4iOmZhbHNlLCJ1c2VyIjpudWxsfQ==','2020-03-04 22:33:51.568228'),('ds79hpckv1bhhf7rdzh4zvu0be1bqopr','OGJlNTIyZGRkOThmNjIwYTFlMzU0ZDMzMTZhNjliZGM5MzA4M2Q0ZDp7ImlzTG9naW4iOmZhbHNlLCJ1c2VyIjpudWxsfQ==','2020-05-02 05:35:25.142141'),('dv2mpcs2hknogroihrttqjq1v0m7rjm3','OGJlNTIyZGRkOThmNjIwYTFlMzU0ZDMzMTZhNjliZGM5MzA4M2Q0ZDp7ImlzTG9naW4iOmZhbHNlLCJ1c2VyIjpudWxsfQ==','2020-03-14 00:02:09.575320'),('dxq3f1e50gv3yfmevn3mfgjbjmrms0ld','OGJlNTIyZGRkOThmNjIwYTFlMzU0ZDMzMTZhNjliZGM5MzA4M2Q0ZDp7ImlzTG9naW4iOmZhbHNlLCJ1c2VyIjpudWxsfQ==','2020-05-11 08:08:44.122644'),('dz3c2la9p7zotm8jio52ck63spiqwyro','MjAxYjNjMGRiMzRiZjEyZmY2NmJkNzBmN2ZhODA0MTE1MjUzOGJhZTp7InVzZXIiOiJzdXBwb3J0QG1hbmZ1bGxzLmNvbSIsImlzTG9naW4iOnRydWV9','2020-05-21 04:02:36.127414'),('e4xvwfe7hdu5iwns2a2d0794lzpylwr9','OGJlNTIyZGRkOThmNjIwYTFlMzU0ZDMzMTZhNjliZGM5MzA4M2Q0ZDp7ImlzTG9naW4iOmZhbHNlLCJ1c2VyIjpudWxsfQ==','2020-03-23 23:05:15.653631'),('e5qmuuj403a36o42um5705l1q6yxuz0o','OGJlNTIyZGRkOThmNjIwYTFlMzU0ZDMzMTZhNjliZGM5MzA4M2Q0ZDp7ImlzTG9naW4iOmZhbHNlLCJ1c2VyIjpudWxsfQ==','2020-03-21 14:44:14.857575'),('ecqalvhehlsc730tgpxsrvl6hldpanfu','NmJkZTZkOGI4MWUwYzkxYjFmMzM5Y2IwOGU1YWY1MGM5NWEwNmRhMjp7InVzZXIiOiJjaGl3YWlAbWFuZnVsbHMuY29tIiwiaXNMb2dpbiI6dHJ1ZX0=','2020-04-06 12:18:30.114160'),('ef8eys02vuvto9rpf7ypk7xltcanwdij','OGJlNTIyZGRkOThmNjIwYTFlMzU0ZDMzMTZhNjliZGM5MzA4M2Q0ZDp7ImlzTG9naW4iOmZhbHNlLCJ1c2VyIjpudWxsfQ==','2020-05-13 22:10:37.993430'),('eg8f3uevfurnuy97em7fng6qi4i1159b','OGJlNTIyZGRkOThmNjIwYTFlMzU0ZDMzMTZhNjliZGM5MzA4M2Q0ZDp7ImlzTG9naW4iOmZhbHNlLCJ1c2VyIjpudWxsfQ==','2020-05-08 10:07:15.555195'),('eli1kk7y538cb7gxc3esur0gk0yjalmk','OGJlNTIyZGRkOThmNjIwYTFlMzU0ZDMzMTZhNjliZGM5MzA4M2Q0ZDp7ImlzTG9naW4iOmZhbHNlLCJ1c2VyIjpudWxsfQ==','2020-02-24 22:47:33.443039'),('evwf4azypra5a6sqric6zlreeiw8yjtq','OGJlNTIyZGRkOThmNjIwYTFlMzU0ZDMzMTZhNjliZGM5MzA4M2Q0ZDp7ImlzTG9naW4iOmZhbHNlLCJ1c2VyIjpudWxsfQ==','2020-04-19 22:45:31.731660'),('f7y5y8y8cpcls3r4ukixbbvf4ut7uewo','OGJlNTIyZGRkOThmNjIwYTFlMzU0ZDMzMTZhNjliZGM5MzA4M2Q0ZDp7ImlzTG9naW4iOmZhbHNlLCJ1c2VyIjpudWxsfQ==','2020-03-27 01:23:38.644134'),('fcem6vvpo1cvlirt7y5odeldl8e54rbs','OGJlNTIyZGRkOThmNjIwYTFlMzU0ZDMzMTZhNjliZGM5MzA4M2Q0ZDp7ImlzTG9naW4iOmZhbHNlLCJ1c2VyIjpudWxsfQ==','2020-05-11 07:49:57.486142'),('ffu6b842jko75at7wwl4l48a4v6i0nqe','OGJlNTIyZGRkOThmNjIwYTFlMzU0ZDMzMTZhNjliZGM5MzA4M2Q0ZDp7ImlzTG9naW4iOmZhbHNlLCJ1c2VyIjpudWxsfQ==','2020-02-25 00:11:56.942693'),('fj3hv3u71671sjt3b1rhmtj49ntkw0dt','OGJlNTIyZGRkOThmNjIwYTFlMzU0ZDMzMTZhNjliZGM5MzA4M2Q0ZDp7ImlzTG9naW4iOmZhbHNlLCJ1c2VyIjpudWxsfQ==','2020-03-11 12:47:04.459702'),('fo1z4z0ef2158ql368z75ktsitrbhku3','OGJlNTIyZGRkOThmNjIwYTFlMzU0ZDMzMTZhNjliZGM5MzA4M2Q0ZDp7ImlzTG9naW4iOmZhbHNlLCJ1c2VyIjpudWxsfQ==','2020-03-02 18:42:18.571774'),('fpsluyv2mhm38xbxh6yxaisbun66moqd','OGJlNTIyZGRkOThmNjIwYTFlMzU0ZDMzMTZhNjliZGM5MzA4M2Q0ZDp7ImlzTG9naW4iOmZhbHNlLCJ1c2VyIjpudWxsfQ==','2020-05-04 22:22:37.199396'),('fr1tvtv3z3935mrmgbpt6jujdbrg3vko','OGJlNTIyZGRkOThmNjIwYTFlMzU0ZDMzMTZhNjliZGM5MzA4M2Q0ZDp7ImlzTG9naW4iOmZhbHNlLCJ1c2VyIjpudWxsfQ==','2020-04-10 21:31:00.724718'),('g3zkhpyfjrtd08ba8tagpta1jw6uoyla','OGJlNTIyZGRkOThmNjIwYTFlMzU0ZDMzMTZhNjliZGM5MzA4M2Q0ZDp7ImlzTG9naW4iOmZhbHNlLCJ1c2VyIjpudWxsfQ==','2020-04-11 17:23:44.010205'),('g997po2o2f8tf4u0ye316t94kv45f1vg','OGJlNTIyZGRkOThmNjIwYTFlMzU0ZDMzMTZhNjliZGM5MzA4M2Q0ZDp7ImlzTG9naW4iOmZhbHNlLCJ1c2VyIjpudWxsfQ==','2020-03-23 22:51:03.360156'),('g9souobqoby3uzms4qelo9mkishei3lz','OGJlNTIyZGRkOThmNjIwYTFlMzU0ZDMzMTZhNjliZGM5MzA4M2Q0ZDp7ImlzTG9naW4iOmZhbHNlLCJ1c2VyIjpudWxsfQ==','2020-03-04 22:47:41.347565'),('g9zf1z9l9nn9gams3fpi3878smr9yr1p','OGJlNTIyZGRkOThmNjIwYTFlMzU0ZDMzMTZhNjliZGM5MzA4M2Q0ZDp7ImlzTG9naW4iOmZhbHNlLCJ1c2VyIjpudWxsfQ==','2020-02-22 13:05:53.072918'),('gcyw7iu7ij22ufpr2gxhs6kq8x7firne','OGJlNTIyZGRkOThmNjIwYTFlMzU0ZDMzMTZhNjliZGM5MzA4M2Q0ZDp7ImlzTG9naW4iOmZhbHNlLCJ1c2VyIjpudWxsfQ==','2020-02-19 00:13:57.578410'),('gt5dow3xmov3fc21hro96w13ilbi6qy2','OGJlNTIyZGRkOThmNjIwYTFlMzU0ZDMzMTZhNjliZGM5MzA4M2Q0ZDp7ImlzTG9naW4iOmZhbHNlLCJ1c2VyIjpudWxsfQ==','2020-02-18 20:58:10.450343'),('gyd3pd681on2x8qnhtpachw3l30hlhy7','OGJlNTIyZGRkOThmNjIwYTFlMzU0ZDMzMTZhNjliZGM5MzA4M2Q0ZDp7ImlzTG9naW4iOmZhbHNlLCJ1c2VyIjpudWxsfQ==','2020-04-11 17:23:13.372333'),('h1k64lnw5gz730cqba3c0y0fquxujwdk','OGJlNTIyZGRkOThmNjIwYTFlMzU0ZDMzMTZhNjliZGM5MzA4M2Q0ZDp7ImlzTG9naW4iOmZhbHNlLCJ1c2VyIjpudWxsfQ==','2020-03-21 14:46:49.253487'),('h7e3c0ywr1zzztagq2rjprlpxjuyjpof','OGJlNTIyZGRkOThmNjIwYTFlMzU0ZDMzMTZhNjliZGM5MzA4M2Q0ZDp7ImlzTG9naW4iOmZhbHNlLCJ1c2VyIjpudWxsfQ==','2020-04-19 22:44:55.078390'),('h8dnmz0mct4r245xs40auc44rz6f5b3h','OGJlNTIyZGRkOThmNjIwYTFlMzU0ZDMzMTZhNjliZGM5MzA4M2Q0ZDp7ImlzTG9naW4iOmZhbHNlLCJ1c2VyIjpudWxsfQ==','2020-03-07 22:47:30.454178'),('hf5ngqkwnjmmdnd6fmuep5buuhe9k85m','NmJkZTZkOGI4MWUwYzkxYjFmMzM5Y2IwOGU1YWY1MGM5NWEwNmRhMjp7InVzZXIiOiJjaGl3YWlAbWFuZnVsbHMuY29tIiwiaXNMb2dpbiI6dHJ1ZX0=','2020-02-18 09:03:28.559016'),('hgi7m3qoesiuuvnagjjt3zictg7gbqgf','OGJlNTIyZGRkOThmNjIwYTFlMzU0ZDMzMTZhNjliZGM5MzA4M2Q0ZDp7ImlzTG9naW4iOmZhbHNlLCJ1c2VyIjpudWxsfQ==','2020-03-04 23:02:34.098636'),('hiz93pibw7gh0lzj01325mwzsue374yh','OGJlNTIyZGRkOThmNjIwYTFlMzU0ZDMzMTZhNjliZGM5MzA4M2Q0ZDp7ImlzTG9naW4iOmZhbHNlLCJ1c2VyIjpudWxsfQ==','2020-04-08 01:32:43.503669'),('hkjltfh19byx175mftkjg8ki5zu622yk','OGJlNTIyZGRkOThmNjIwYTFlMzU0ZDMzMTZhNjliZGM5MzA4M2Q0ZDp7ImlzTG9naW4iOmZhbHNlLCJ1c2VyIjpudWxsfQ==','2020-03-14 00:16:13.680358'),('hl7ijamj8ttolhv6tbfwpnq80w35lw76','OGJlNTIyZGRkOThmNjIwYTFlMzU0ZDMzMTZhNjliZGM5MzA4M2Q0ZDp7ImlzTG9naW4iOmZhbHNlLCJ1c2VyIjpudWxsfQ==','2020-04-10 23:17:07.648079'),('hnyugt7wjsjrso0uj1jwtlrl2amj84lf','OGJlNTIyZGRkOThmNjIwYTFlMzU0ZDMzMTZhNjliZGM5MzA4M2Q0ZDp7ImlzTG9naW4iOmZhbHNlLCJ1c2VyIjpudWxsfQ==','2020-03-30 18:28:56.350246'),('hqc6rs908z3fajdilnnne7m3pyxlynnc','OGJlNTIyZGRkOThmNjIwYTFlMzU0ZDMzMTZhNjliZGM5MzA4M2Q0ZDp7ImlzTG9naW4iOmZhbHNlLCJ1c2VyIjpudWxsfQ==','2020-03-26 22:55:25.163271'),('hvjl49isokkgav1skdrzbetzu2n5c21p','OGJlNTIyZGRkOThmNjIwYTFlMzU0ZDMzMTZhNjliZGM5MzA4M2Q0ZDp7ImlzTG9naW4iOmZhbHNlLCJ1c2VyIjpudWxsfQ==','2020-04-14 01:48:57.915240'),('hvs9pqc6m9lkkzdo7uhqlbccenj5ji6z','OGJlNTIyZGRkOThmNjIwYTFlMzU0ZDMzMTZhNjliZGM5MzA4M2Q0ZDp7ImlzTG9naW4iOmZhbHNlLCJ1c2VyIjpudWxsfQ==','2020-04-14 01:43:15.596169'),('hy738qv1n45w1cs6e7hrqagdvicf8orz','OGJlNTIyZGRkOThmNjIwYTFlMzU0ZDMzMTZhNjliZGM5MzA4M2Q0ZDp7ImlzTG9naW4iOmZhbHNlLCJ1c2VyIjpudWxsfQ==','2020-03-14 23:20:35.298756'),('hy8t844jisqc87keiwjib084jhpxy020','OGJlNTIyZGRkOThmNjIwYTFlMzU0ZDMzMTZhNjliZGM5MzA4M2Q0ZDp7ImlzTG9naW4iOmZhbHNlLCJ1c2VyIjpudWxsfQ==','2020-03-18 19:35:50.930735'),('hyfniaakrcwjda10bb5tw4vvm9m2opx1','OGJlNTIyZGRkOThmNjIwYTFlMzU0ZDMzMTZhNjliZGM5MzA4M2Q0ZDp7ImlzTG9naW4iOmZhbHNlLCJ1c2VyIjpudWxsfQ==','2020-05-10 20:26:40.766934'),('i4u8nstnzf4e0sz8ai3d6bt9cyygva9b','OGJlNTIyZGRkOThmNjIwYTFlMzU0ZDMzMTZhNjliZGM5MzA4M2Q0ZDp7ImlzTG9naW4iOmZhbHNlLCJ1c2VyIjpudWxsfQ==','2020-05-11 17:54:40.530764'),('i4wt1kcigv5ed1z6quytia0hnxuztxjf','OGJlNTIyZGRkOThmNjIwYTFlMzU0ZDMzMTZhNjliZGM5MzA4M2Q0ZDp7ImlzTG9naW4iOmZhbHNlLCJ1c2VyIjpudWxsfQ==','2020-03-14 00:43:10.006346'),('iexxeu16xsewgi3mf2va9fb88rx3j407','OGJlNTIyZGRkOThmNjIwYTFlMzU0ZDMzMTZhNjliZGM5MzA4M2Q0ZDp7ImlzTG9naW4iOmZhbHNlLCJ1c2VyIjpudWxsfQ==','2020-02-25 00:12:07.620085'),('ifwbalctn4o1xbd4eysah2atpzmlwr0a','OGJlNTIyZGRkOThmNjIwYTFlMzU0ZDMzMTZhNjliZGM5MzA4M2Q0ZDp7ImlzTG9naW4iOmZhbHNlLCJ1c2VyIjpudWxsfQ==','2020-03-07 20:48:05.061469'),('imwr7ugwtjvej1dmkd4v7a259agvv4rk','OGJlNTIyZGRkOThmNjIwYTFlMzU0ZDMzMTZhNjliZGM5MzA4M2Q0ZDp7ImlzTG9naW4iOmZhbHNlLCJ1c2VyIjpudWxsfQ==','2020-04-02 03:37:04.258422'),('je19lbjerq3ity1c22dghbi1seumxuy5','OGJlNTIyZGRkOThmNjIwYTFlMzU0ZDMzMTZhNjliZGM5MzA4M2Q0ZDp7ImlzTG9naW4iOmZhbHNlLCJ1c2VyIjpudWxsfQ==','2020-05-07 23:48:11.705793'),('ji8xww0rlheo5yau9rby73cqcv3hpsgz','OGJlNTIyZGRkOThmNjIwYTFlMzU0ZDMzMTZhNjliZGM5MzA4M2Q0ZDp7ImlzTG9naW4iOmZhbHNlLCJ1c2VyIjpudWxsfQ==','2020-05-19 03:39:02.113145'),('jnero8utnmwe56o9q7jm6ise293gvofd','OGJlNTIyZGRkOThmNjIwYTFlMzU0ZDMzMTZhNjliZGM5MzA4M2Q0ZDp7ImlzTG9naW4iOmZhbHNlLCJ1c2VyIjpudWxsfQ==','2020-03-26 22:57:56.221127'),('jnxodl9v0ald2l61y9dyd1slzdedboae','MWYwNDBiMjI5ZTk2OTA0N2NiNDkwY2RmM2ZhOTFhOWUwZTU5MWJmNTp7InVzZXIiOiJ2Y3J0aW5nQDE2My5jb20iLCJpc0xvZ2luIjp0cnVlfQ==','2020-04-07 10:00:20.130122'),('jw6s9bqz7tx98ubebncetcf2817smuo1','OGJlNTIyZGRkOThmNjIwYTFlMzU0ZDMzMTZhNjliZGM5MzA4M2Q0ZDp7ImlzTG9naW4iOmZhbHNlLCJ1c2VyIjpudWxsfQ==','2020-05-13 22:10:40.508089'),('k095xa0z2bm6lgkg9j0brsn8gjq422f6','OGJlNTIyZGRkOThmNjIwYTFlMzU0ZDMzMTZhNjliZGM5MzA4M2Q0ZDp7ImlzTG9naW4iOmZhbHNlLCJ1c2VyIjpudWxsfQ==','2020-03-29 20:38:23.675362'),('k139h4hk67v2p707bwog85l6bynqljba','OGJlNTIyZGRkOThmNjIwYTFlMzU0ZDMzMTZhNjliZGM5MzA4M2Q0ZDp7ImlzTG9naW4iOmZhbHNlLCJ1c2VyIjpudWxsfQ==','2020-03-18 19:35:54.589272'),('k1m47cmptfemvysu82dczxtdifc6sghy','OGJlNTIyZGRkOThmNjIwYTFlMzU0ZDMzMTZhNjliZGM5MzA4M2Q0ZDp7ImlzTG9naW4iOmZhbHNlLCJ1c2VyIjpudWxsfQ==','2020-03-23 22:46:58.618279'),('k27eolmzx3h7luayjrajrm26xsti8vun','OGJlNTIyZGRkOThmNjIwYTFlMzU0ZDMzMTZhNjliZGM5MzA4M2Q0ZDp7ImlzTG9naW4iOmZhbHNlLCJ1c2VyIjpudWxsfQ==','2020-02-19 00:02:53.077874'),('kdr4wmami0encxnc931os1jm0t0pphxo','OGJlNTIyZGRkOThmNjIwYTFlMzU0ZDMzMTZhNjliZGM5MzA4M2Q0ZDp7ImlzTG9naW4iOmZhbHNlLCJ1c2VyIjpudWxsfQ==','2020-05-04 20:34:28.404810'),('kgtbted3hmvyqf1k7kk4i7zh5vp8autj','OGJlNTIyZGRkOThmNjIwYTFlMzU0ZDMzMTZhNjliZGM5MzA4M2Q0ZDp7ImlzTG9naW4iOmZhbHNlLCJ1c2VyIjpudWxsfQ==','2020-02-22 15:14:50.630768'),('kk147n2idejxiigxuaqftosv69w86occ','OGJlNTIyZGRkOThmNjIwYTFlMzU0ZDMzMTZhNjliZGM5MzA4M2Q0ZDp7ImlzTG9naW4iOmZhbHNlLCJ1c2VyIjpudWxsfQ==','2020-03-21 20:03:00.570910'),('knuapb8mn4b5zy843oztsfhiyouemucr','OGJlNTIyZGRkOThmNjIwYTFlMzU0ZDMzMTZhNjliZGM5MzA4M2Q0ZDp7ImlzTG9naW4iOmZhbHNlLCJ1c2VyIjpudWxsfQ==','2020-03-07 20:44:37.236691'),('kqkff3hyxyh2b3lrtz6y6d0nxhkblnb8','NmJkZTZkOGI4MWUwYzkxYjFmMzM5Y2IwOGU1YWY1MGM5NWEwNmRhMjp7InVzZXIiOiJjaGl3YWlAbWFuZnVsbHMuY29tIiwiaXNMb2dpbiI6dHJ1ZX0=','2020-03-31 02:43:26.911525'),('ksuqg1qalqyswys9myk3e5taxe6sbb3w','OGJlNTIyZGRkOThmNjIwYTFlMzU0ZDMzMTZhNjliZGM5MzA4M2Q0ZDp7ImlzTG9naW4iOmZhbHNlLCJ1c2VyIjpudWxsfQ==','2020-03-11 13:40:20.441450'),('kt5k75f8p6eemvyf8z3kpm1bh1mw1pw7','OGJlNTIyZGRkOThmNjIwYTFlMzU0ZDMzMTZhNjliZGM5MzA4M2Q0ZDp7ImlzTG9naW4iOmZhbHNlLCJ1c2VyIjpudWxsfQ==','2020-04-08 06:40:56.077612'),('l1ys069oqjbl5azeau8yczn98f7gm7iv','OGJlNTIyZGRkOThmNjIwYTFlMzU0ZDMzMTZhNjliZGM5MzA4M2Q0ZDp7ImlzTG9naW4iOmZhbHNlLCJ1c2VyIjpudWxsfQ==','2020-03-02 01:20:23.757990'),('l715yg0b3yjuajx8t3gag0v94vt1khyn','OGJlNTIyZGRkOThmNjIwYTFlMzU0ZDMzMTZhNjliZGM5MzA4M2Q0ZDp7ImlzTG9naW4iOmZhbHNlLCJ1c2VyIjpudWxsfQ==','2020-04-11 19:18:31.949384'),('lh322l8lpj60wujzq1j617wsf5mltdv2','OGJlNTIyZGRkOThmNjIwYTFlMzU0ZDMzMTZhNjliZGM5MzA4M2Q0ZDp7ImlzTG9naW4iOmZhbHNlLCJ1c2VyIjpudWxsfQ==','2020-05-01 23:42:03.454347'),('lpas70dffk6p1xwk1i2mb1n1o4txmwoc','OGJlNTIyZGRkOThmNjIwYTFlMzU0ZDMzMTZhNjliZGM5MzA4M2Q0ZDp7ImlzTG9naW4iOmZhbHNlLCJ1c2VyIjpudWxsfQ==','2020-05-16 19:33:36.177501'),('lpndk4jkmfo7kkdf7kqxkvwzblqf8n4t','OGJlNTIyZGRkOThmNjIwYTFlMzU0ZDMzMTZhNjliZGM5MzA4M2Q0ZDp7ImlzTG9naW4iOmZhbHNlLCJ1c2VyIjpudWxsfQ==','2020-04-02 03:42:07.002911'),('lwpmtf2hvk3yrjw9zeazdj2q57cx8z4b','OGJlNTIyZGRkOThmNjIwYTFlMzU0ZDMzMTZhNjliZGM5MzA4M2Q0ZDp7ImlzTG9naW4iOmZhbHNlLCJ1c2VyIjpudWxsfQ==','2020-04-11 19:10:12.702369'),('lywav5y7llu5ujp20trja9xz3y60271s','OGJlNTIyZGRkOThmNjIwYTFlMzU0ZDMzMTZhNjliZGM5MzA4M2Q0ZDp7ImlzTG9naW4iOmZhbHNlLCJ1c2VyIjpudWxsfQ==','2020-03-07 22:46:57.029790'),('mevp3c7mm60f8sglfere4oltcnu72dgf','OGJlNTIyZGRkOThmNjIwYTFlMzU0ZDMzMTZhNjliZGM5MzA4M2Q0ZDp7ImlzTG9naW4iOmZhbHNlLCJ1c2VyIjpudWxsfQ==','2020-04-05 19:54:56.511247'),('mka97xfmvzufso7az8sb68txchd1gqr9','OGJlNTIyZGRkOThmNjIwYTFlMzU0ZDMzMTZhNjliZGM5MzA4M2Q0ZDp7ImlzTG9naW4iOmZhbHNlLCJ1c2VyIjpudWxsfQ==','2020-02-18 20:54:53.151788'),('mklqlp34bkqb6hxj5wbnb31s7ruecee2','OGJlNTIyZGRkOThmNjIwYTFlMzU0ZDMzMTZhNjliZGM5MzA4M2Q0ZDp7ImlzTG9naW4iOmZhbHNlLCJ1c2VyIjpudWxsfQ==','2020-03-04 20:42:31.314350'),('myvcd098wfipu4avycsjwi55p0h69q9v','OGJlNTIyZGRkOThmNjIwYTFlMzU0ZDMzMTZhNjliZGM5MzA4M2Q0ZDp7ImlzTG9naW4iOmZhbHNlLCJ1c2VyIjpudWxsfQ==','2020-03-14 00:15:28.617048'),('n0drvjv91n793nvkc60re3lcb7y7ggtj','ZjJjZGYwMDNjNmQ5NTk3MmFkZjVhODBlZmNjYmQ1YjZiNGE2ODQ2NTp7Il9hdXRoX3VzZXJfaWQiOiI0IiwiX2F1dGhfdXNlcl9iYWNrZW5kIjoiZGphbmdvLmNvbnRyaWIuYXV0aC5iYWNrZW5kcy5Nb2RlbEJhY2tlbmQiLCJfYXV0aF91c2VyX2hhc2giOiJkNWE5MGU1YTAxYjU2YWE1NzFlMmIxNDhiY2E5NzVmMzY5ZDc5NDFlIiwidXNlciI6InN1cHBvcnRAbWFuZnVsbHMuY29tIiwiaXNMb2dpbiI6dHJ1ZX0=','2020-03-20 10:55:25.615838'),('n43v8b7a3sf5czl5cg1oa691mp870b5h','OGJlNTIyZGRkOThmNjIwYTFlMzU0ZDMzMTZhNjliZGM5MzA4M2Q0ZDp7ImlzTG9naW4iOmZhbHNlLCJ1c2VyIjpudWxsfQ==','2020-05-02 05:35:24.970143'),('n6nlm416y2tftrpub2l6oja2487mijvw','OGJlNTIyZGRkOThmNjIwYTFlMzU0ZDMzMTZhNjliZGM5MzA4M2Q0ZDp7ImlzTG9naW4iOmZhbHNlLCJ1c2VyIjpudWxsfQ==','2020-02-22 15:59:01.056428'),('n75yp6imei5qfizluulum5zn398g46pt','OGJlNTIyZGRkOThmNjIwYTFlMzU0ZDMzMTZhNjliZGM5MzA4M2Q0ZDp7ImlzTG9naW4iOmZhbHNlLCJ1c2VyIjpudWxsfQ==','2020-03-11 12:42:44.097397'),('nai3hnxzqhzkooer2ilkad10e001eluw','OGJlNTIyZGRkOThmNjIwYTFlMzU0ZDMzMTZhNjliZGM5MzA4M2Q0ZDp7ImlzTG9naW4iOmZhbHNlLCJ1c2VyIjpudWxsfQ==','2020-03-30 18:27:55.921348'),('neghubwejjigpgzb2f59svltis43fz17','OGJlNTIyZGRkOThmNjIwYTFlMzU0ZDMzMTZhNjliZGM5MzA4M2Q0ZDp7ImlzTG9naW4iOmZhbHNlLCJ1c2VyIjpudWxsfQ==','2020-04-02 03:34:57.753769'),('nkxk9tknzmj9mhmyghx319r98cg27497','OGJlNTIyZGRkOThmNjIwYTFlMzU0ZDMzMTZhNjliZGM5MzA4M2Q0ZDp7ImlzTG9naW4iOmZhbHNlLCJ1c2VyIjpudWxsfQ==','2020-05-13 22:10:40.646886'),('nou0orhn3iusdlnbor2prw5hahewqydr','OGJlNTIyZGRkOThmNjIwYTFlMzU0ZDMzMTZhNjliZGM5MzA4M2Q0ZDp7ImlzTG9naW4iOmZhbHNlLCJ1c2VyIjpudWxsfQ==','2020-03-21 19:54:01.725625'),('ns7raxdlmofrohzn6lpf1w7tpuzmrbww','OGJlNTIyZGRkOThmNjIwYTFlMzU0ZDMzMTZhNjliZGM5MzA4M2Q0ZDp7ImlzTG9naW4iOmZhbHNlLCJ1c2VyIjpudWxsfQ==','2020-03-23 22:47:34.038146'),('nz6cg0euhgpqp4yrr6imbsp0ej95lal3','OGJlNTIyZGRkOThmNjIwYTFlMzU0ZDMzMTZhNjliZGM5MzA4M2Q0ZDp7ImlzTG9naW4iOmZhbHNlLCJ1c2VyIjpudWxsfQ==','2020-04-07 21:57:57.817744'),('o0x7jubci571js823ss1f4ib61o800er','OGJlNTIyZGRkOThmNjIwYTFlMzU0ZDMzMTZhNjliZGM5MzA4M2Q0ZDp7ImlzTG9naW4iOmZhbHNlLCJ1c2VyIjpudWxsfQ==','2020-03-14 23:20:35.557761'),('o2l17tk0d21uts3saf4ymb3j2z45agp9','OGJlNTIyZGRkOThmNjIwYTFlMzU0ZDMzMTZhNjliZGM5MzA4M2Q0ZDp7ImlzTG9naW4iOmZhbHNlLCJ1c2VyIjpudWxsfQ==','2020-04-08 06:40:48.899313'),('o63mmk88563hu222liplvywp8jmm25xj','OGJlNTIyZGRkOThmNjIwYTFlMzU0ZDMzMTZhNjliZGM5MzA4M2Q0ZDp7ImlzTG9naW4iOmZhbHNlLCJ1c2VyIjpudWxsfQ==','2020-04-08 06:41:06.856729'),('o74md5kkg0acq79i7gjqwfae9vwypiml','OGJlNTIyZGRkOThmNjIwYTFlMzU0ZDMzMTZhNjliZGM5MzA4M2Q0ZDp7ImlzTG9naW4iOmZhbHNlLCJ1c2VyIjpudWxsfQ==','2020-05-04 22:22:27.231325'),('oa2g5psmsswq46fmc3uwxmv53fq3ntfb','OGJlNTIyZGRkOThmNjIwYTFlMzU0ZDMzMTZhNjliZGM5MzA4M2Q0ZDp7ImlzTG9naW4iOmZhbHNlLCJ1c2VyIjpudWxsfQ==','2020-04-07 21:55:57.714953'),('ogxba2ept8u18ov3j4ta398pz969y71f','OGJlNTIyZGRkOThmNjIwYTFlMzU0ZDMzMTZhNjliZGM5MzA4M2Q0ZDp7ImlzTG9naW4iOmZhbHNlLCJ1c2VyIjpudWxsfQ==','2020-02-22 13:05:59.708659'),('okdtlxjijhpo9kp170upp43qr9hjdqh7','YzczNTM3ZGUyNTVjODI0MGFkZTk5NTQ4MDIyYWEzMmMzZDFlNjNkZDp7Il9hdXRoX3VzZXJfaWQiOiIxIiwiX2F1dGhfdXNlcl9iYWNrZW5kIjoiZGphbmdvLmNvbnRyaWIuYXV0aC5iYWNrZW5kcy5Nb2RlbEJhY2tlbmQiLCJfYXV0aF91c2VyX2hhc2giOiI5YWEyMWYyMjFiYTJkZGJhMWNiNWJlNDQzOTBkNjM1ODczNWY2MmMxIiwidXNlciI6IjEyM21lZGhrQGdtYWlsLmNvbSIsImlzTG9naW4iOnRydWV9','2020-05-20 03:57:59.350548'),('oplvpmqdigw8zd07s5un8b2nf579cgme','OGJlNTIyZGRkOThmNjIwYTFlMzU0ZDMzMTZhNjliZGM5MzA4M2Q0ZDp7ImlzTG9naW4iOmZhbHNlLCJ1c2VyIjpudWxsfQ==','2020-03-02 01:01:38.174650'),('oxbl0cwee644h2sh8stq2rqum9uuifhf','OGJlNTIyZGRkOThmNjIwYTFlMzU0ZDMzMTZhNjliZGM5MzA4M2Q0ZDp7ImlzTG9naW4iOmZhbHNlLCJ1c2VyIjpudWxsfQ==','2020-05-08 06:35:09.575976'),('oz5hsb0hd8stmifiv3m57ppd73hlg1zv','OGJlNTIyZGRkOThmNjIwYTFlMzU0ZDMzMTZhNjliZGM5MzA4M2Q0ZDp7ImlzTG9naW4iOmZhbHNlLCJ1c2VyIjpudWxsfQ==','2020-03-21 14:46:49.417277'),('p14dm3o1i9juvgfq8srjkqnr6hhcj19u','OGJlNTIyZGRkOThmNjIwYTFlMzU0ZDMzMTZhNjliZGM5MzA4M2Q0ZDp7ImlzTG9naW4iOmZhbHNlLCJ1c2VyIjpudWxsfQ==','2020-04-02 03:35:28.121227'),('p3o209roijjdp3x10so8czdod0vkf3mq','OGJlNTIyZGRkOThmNjIwYTFlMzU0ZDMzMTZhNjliZGM5MzA4M2Q0ZDp7ImlzTG9naW4iOmZhbHNlLCJ1c2VyIjpudWxsfQ==','2020-03-29 20:32:10.668729'),('paydt6svrv87xkpkdsu8bnosrujrszvt','N2ViZjlkNmJiM2RlYTdlMWYxYzA0ODM2YTUzMWFjNzRhMzNhZjFmMDp7InVzZXIiOiIxMjNtZWRoa0BnbWFpbC5jb20iLCJpc0xvZ2luIjp0cnVlfQ==','2020-03-17 07:34:23.492849'),('pc3onf4janjjg3nyjov60j2pvim6w12z','OGJlNTIyZGRkOThmNjIwYTFlMzU0ZDMzMTZhNjliZGM5MzA4M2Q0ZDp7ImlzTG9naW4iOmZhbHNlLCJ1c2VyIjpudWxsfQ==','2020-03-26 22:55:22.976792'),('pd6zkas6da0aeicztiofmf5mdkz7fqq0','OGJlNTIyZGRkOThmNjIwYTFlMzU0ZDMzMTZhNjliZGM5MzA4M2Q0ZDp7ImlzTG9naW4iOmZhbHNlLCJ1c2VyIjpudWxsfQ==','2020-03-02 18:43:06.221280'),('pf3izoj3zwopp95d9vfmniohrqpwrg71','OGJlNTIyZGRkOThmNjIwYTFlMzU0ZDMzMTZhNjliZGM5MzA4M2Q0ZDp7ImlzTG9naW4iOmZhbHNlLCJ1c2VyIjpudWxsfQ==','2020-03-04 22:34:01.823250'),('phm1yw899k1mtnzn54vkf7b3kews1afs','OGJlNTIyZGRkOThmNjIwYTFlMzU0ZDMzMTZhNjliZGM5MzA4M2Q0ZDp7ImlzTG9naW4iOmZhbHNlLCJ1c2VyIjpudWxsfQ==','2020-04-08 10:23:02.977898'),('pioo6cu386iaz5ohnhcrxo8oxrlfyxp8','OGJlNTIyZGRkOThmNjIwYTFlMzU0ZDMzMTZhNjliZGM5MzA4M2Q0ZDp7ImlzTG9naW4iOmZhbHNlLCJ1c2VyIjpudWxsfQ==','2020-04-02 03:41:32.975948'),('pkp99s2wi2luszyrhzwtz5c68k87lt88','OGJlNTIyZGRkOThmNjIwYTFlMzU0ZDMzMTZhNjliZGM5MzA4M2Q0ZDp7ImlzTG9naW4iOmZhbHNlLCJ1c2VyIjpudWxsfQ==','2020-04-05 19:54:48.171004'),('pmrdjkw9xk5t1naxa36g98e8apb7m3rc','OGJlNTIyZGRkOThmNjIwYTFlMzU0ZDMzMTZhNjliZGM5MzA4M2Q0ZDp7ImlzTG9naW4iOmZhbHNlLCJ1c2VyIjpudWxsfQ==','2020-05-11 08:08:35.100874'),('po8xnabswzfmqmylhmathuir6022w40f','OGJlNTIyZGRkOThmNjIwYTFlMzU0ZDMzMTZhNjliZGM5MzA4M2Q0ZDp7ImlzTG9naW4iOmZhbHNlLCJ1c2VyIjpudWxsfQ==','2020-03-21 20:02:28.537018'),('ppnvd51i28v4e47hr79024gildx6j3pn','OGJlNTIyZGRkOThmNjIwYTFlMzU0ZDMzMTZhNjliZGM5MzA4M2Q0ZDp7ImlzTG9naW4iOmZhbHNlLCJ1c2VyIjpudWxsfQ==','2020-04-14 01:43:21.201699'),('prib621xitgbbmoc9qruc3oanqltbqdp','OGJlNTIyZGRkOThmNjIwYTFlMzU0ZDMzMTZhNjliZGM5MzA4M2Q0ZDp7ImlzTG9naW4iOmZhbHNlLCJ1c2VyIjpudWxsfQ==','2020-02-18 20:54:49.333339'),('psbcd1y6qyliml4xh7u0told76bxs14y','OGJlNTIyZGRkOThmNjIwYTFlMzU0ZDMzMTZhNjliZGM5MzA4M2Q0ZDp7ImlzTG9naW4iOmZhbHNlLCJ1c2VyIjpudWxsfQ==','2020-03-15 01:46:28.330204'),('pt7kadcuz58y6xb9hyfxhg0vyc7v4cc1','OGJlNTIyZGRkOThmNjIwYTFlMzU0ZDMzMTZhNjliZGM5MzA4M2Q0ZDp7ImlzTG9naW4iOmZhbHNlLCJ1c2VyIjpudWxsfQ==','2020-05-21 21:45:42.114014'),('pvhrnga6lwgt5t3rsu6qsuw1plrpvyda','OGJlNTIyZGRkOThmNjIwYTFlMzU0ZDMzMTZhNjliZGM5MzA4M2Q0ZDp7ImlzTG9naW4iOmZhbHNlLCJ1c2VyIjpudWxsfQ==','2020-02-24 22:46:55.260474'),('pzxj1odhlfx799b1aj7dfadxeuvwr2q3','OGJlNTIyZGRkOThmNjIwYTFlMzU0ZDMzMTZhNjliZGM5MzA4M2Q0ZDp7ImlzTG9naW4iOmZhbHNlLCJ1c2VyIjpudWxsfQ==','2020-04-11 19:12:37.886785'),('q0vitov16paflkr6htbuwdo4trluhpre','OGJlNTIyZGRkOThmNjIwYTFlMzU0ZDMzMTZhNjliZGM5MzA4M2Q0ZDp7ImlzTG9naW4iOmZhbHNlLCJ1c2VyIjpudWxsfQ==','2020-04-11 19:12:43.929847'),('q4crmk8hjaltfwpx93fsm06xd83jpy9f','OGJlNTIyZGRkOThmNjIwYTFlMzU0ZDMzMTZhNjliZGM5MzA4M2Q0ZDp7ImlzTG9naW4iOmZhbHNlLCJ1c2VyIjpudWxsfQ==','2020-03-14 23:37:04.115117'),('q4obwl7lugeewrjdcl7rwlfpuxn4o3z7','OGJlNTIyZGRkOThmNjIwYTFlMzU0ZDMzMTZhNjliZGM5MzA4M2Q0ZDp7ImlzTG9naW4iOmZhbHNlLCJ1c2VyIjpudWxsfQ==','2020-05-19 02:50:39.238327'),('q8kb21kfly6mc7dkaa322j9mb9he9xla','OGJlNTIyZGRkOThmNjIwYTFlMzU0ZDMzMTZhNjliZGM5MzA4M2Q0ZDp7ImlzTG9naW4iOmZhbHNlLCJ1c2VyIjpudWxsfQ==','2020-03-14 00:17:27.841694'),('q9uw49rjzy7ygo2bpw08twetrc1en4eu','OGJlNTIyZGRkOThmNjIwYTFlMzU0ZDMzMTZhNjliZGM5MzA4M2Q0ZDp7ImlzTG9naW4iOmZhbHNlLCJ1c2VyIjpudWxsfQ==','2020-04-20 01:19:03.229978'),('qu7xdbr63ne0g166ny0egc00sswzwgyz','OGJlNTIyZGRkOThmNjIwYTFlMzU0ZDMzMTZhNjliZGM5MzA4M2Q0ZDp7ImlzTG9naW4iOmZhbHNlLCJ1c2VyIjpudWxsfQ==','2020-05-11 07:50:06.800827'),('qv2eknw86uls1bjdt2a91d8yu7p7xjju','NmJkZTZkOGI4MWUwYzkxYjFmMzM5Y2IwOGU1YWY1MGM5NWEwNmRhMjp7InVzZXIiOiJjaGl3YWlAbWFuZnVsbHMuY29tIiwiaXNMb2dpbiI6dHJ1ZX0=','2020-04-03 09:50:27.519080'),('qzlippg0erh62jh1lzcj0g4r7tkmugmc','OGJlNTIyZGRkOThmNjIwYTFlMzU0ZDMzMTZhNjliZGM5MzA4M2Q0ZDp7ImlzTG9naW4iOmZhbHNlLCJ1c2VyIjpudWxsfQ==','2020-05-16 19:33:29.001269'),('r27fhwgwdx6o55xupub6663r098ushl6','OGJlNTIyZGRkOThmNjIwYTFlMzU0ZDMzMTZhNjliZGM5MzA4M2Q0ZDp7ImlzTG9naW4iOmZhbHNlLCJ1c2VyIjpudWxsfQ==','2020-03-11 12:42:49.095760'),('rlmox47at3ar33g0nduhxy54ud1y5tq8','OGJlNTIyZGRkOThmNjIwYTFlMzU0ZDMzMTZhNjliZGM5MzA4M2Q0ZDp7ImlzTG9naW4iOmZhbHNlLCJ1c2VyIjpudWxsfQ==','2020-03-29 20:37:39.858538'),('rq08j9tqvtek3dxc1pgll46j2rvgwhdn','OGJlNTIyZGRkOThmNjIwYTFlMzU0ZDMzMTZhNjliZGM5MzA4M2Q0ZDp7ImlzTG9naW4iOmZhbHNlLCJ1c2VyIjpudWxsfQ==','2020-04-07 21:56:29.945218'),('rra678jak3l4s12zonbqqrio5p4v4pw9','OGJlNTIyZGRkOThmNjIwYTFlMzU0ZDMzMTZhNjliZGM5MzA4M2Q0ZDp7ImlzTG9naW4iOmZhbHNlLCJ1c2VyIjpudWxsfQ==','2020-05-04 20:34:31.627868'),('rt2u21i9ftmvavol81q0spgp3oisdm7o','OGJlNTIyZGRkOThmNjIwYTFlMzU0ZDMzMTZhNjliZGM5MzA4M2Q0ZDp7ImlzTG9naW4iOmZhbHNlLCJ1c2VyIjpudWxsfQ==','2020-03-14 00:42:08.299503'),('s1mql5ojp2pksgvzjvbr9mpqrogj3a2p','OGJlNTIyZGRkOThmNjIwYTFlMzU0ZDMzMTZhNjliZGM5MzA4M2Q0ZDp7ImlzTG9naW4iOmZhbHNlLCJ1c2VyIjpudWxsfQ==','2020-03-14 00:02:36.673284'),('s64k6huondzn848x0fcsx20bd65i4fkm','OGJlNTIyZGRkOThmNjIwYTFlMzU0ZDMzMTZhNjliZGM5MzA4M2Q0ZDp7ImlzTG9naW4iOmZhbHNlLCJ1c2VyIjpudWxsfQ==','2020-03-27 01:09:09.366257'),('s7qeng2oleiz5zfyhdrqyq0zynq3alyv','NmJkZTZkOGI4MWUwYzkxYjFmMzM5Y2IwOGU1YWY1MGM5NWEwNmRhMjp7InVzZXIiOiJjaGl3YWlAbWFuZnVsbHMuY29tIiwiaXNMb2dpbiI6dHJ1ZX0=','2020-03-31 02:48:49.067442'),('sd5bk32ud46xc17at85inz7syz8oq0ve','OGJlNTIyZGRkOThmNjIwYTFlMzU0ZDMzMTZhNjliZGM5MzA4M2Q0ZDp7ImlzTG9naW4iOmZhbHNlLCJ1c2VyIjpudWxsfQ==','2020-02-24 20:46:35.813535'),('sjfjdjlalo5qrcvmakyr3ks8dh9iwr7b','OGJlNTIyZGRkOThmNjIwYTFlMzU0ZDMzMTZhNjliZGM5MzA4M2Q0ZDp7ImlzTG9naW4iOmZhbHNlLCJ1c2VyIjpudWxsfQ==','2020-02-25 00:12:07.833617'),('sn2ly2f3widvpclal8lbymtll9z9yc12','OGJlNTIyZGRkOThmNjIwYTFlMzU0ZDMzMTZhNjliZGM5MzA4M2Q0ZDp7ImlzTG9naW4iOmZhbHNlLCJ1c2VyIjpudWxsfQ==','2020-03-15 01:02:11.128337'),('snmfhtjcbq4e1ldqofvoc2iypieif43h','OGJlNTIyZGRkOThmNjIwYTFlMzU0ZDMzMTZhNjliZGM5MzA4M2Q0ZDp7ImlzTG9naW4iOmZhbHNlLCJ1c2VyIjpudWxsfQ==','2020-05-04 22:21:21.891785'),('snnmpeaekbhoxa9e0m5m8dxd5gwy8oet','NWQyZTMxMjg5NTBjZGM4OTQzNmVjMThkOTlkMjQ3ZGQ0YjgzNjlmOTp7InVzZXIiOiJ2Y3J0aW5nQDE2My5jb20iLCJpc0xvZ2luIjp0cnVlLCJfYXV0aF91c2VyX2lkIjoiMSIsIl9hdXRoX3VzZXJfYmFja2VuZCI6ImRqYW5nby5jb250cmliLmF1dGguYmFja2VuZHMuTW9kZWxCYWNrZW5kIiwiX2F1dGhfdXNlcl9oYXNoIjoiOWFhMjFmMjIxYmEyZGRiYTFjYjViZTQ0MzkwZDYzNTg3MzVmNjJjMSJ9','2020-04-06 12:30:50.315837'),('sptdt4x5d9usoe04ipvzrlnqa6yfa1y4','OGJlNTIyZGRkOThmNjIwYTFlMzU0ZDMzMTZhNjliZGM5MzA4M2Q0ZDp7ImlzTG9naW4iOmZhbHNlLCJ1c2VyIjpudWxsfQ==','2020-05-19 02:50:16.505295'),('st93yi0kqw823dov9lo9xwkprlbztwyc','OGJlNTIyZGRkOThmNjIwYTFlMzU0ZDMzMTZhNjliZGM5MzA4M2Q0ZDp7ImlzTG9naW4iOmZhbHNlLCJ1c2VyIjpudWxsfQ==','2020-03-04 22:47:41.503134'),('svhcre6aelfv7xvj49e25zqeltrr5cev','OGJlNTIyZGRkOThmNjIwYTFlMzU0ZDMzMTZhNjliZGM5MzA4M2Q0ZDp7ImlzTG9naW4iOmZhbHNlLCJ1c2VyIjpudWxsfQ==','2020-03-14 23:18:29.893082'),('szm4eiu5sa64ydv146xxk7i1onf3kltj','OGJlNTIyZGRkOThmNjIwYTFlMzU0ZDMzMTZhNjliZGM5MzA4M2Q0ZDp7ImlzTG9naW4iOmZhbHNlLCJ1c2VyIjpudWxsfQ==','2020-03-21 20:03:01.468382'),('t2d7rysbli71q98o27te0qhgcf1o7ayq','OGJlNTIyZGRkOThmNjIwYTFlMzU0ZDMzMTZhNjliZGM5MzA4M2Q0ZDp7ImlzTG9naW4iOmZhbHNlLCJ1c2VyIjpudWxsfQ==','2020-03-29 20:37:47.934578'),('t60jd4hnfzzq3q1f8fcz462h8jg5ub10','OGJlNTIyZGRkOThmNjIwYTFlMzU0ZDMzMTZhNjliZGM5MzA4M2Q0ZDp7ImlzTG9naW4iOmZhbHNlLCJ1c2VyIjpudWxsfQ==','2020-05-08 03:33:47.979349'),('tmmgtzzypsyk93x25mwmt4evjm1wahs4','OGJlNTIyZGRkOThmNjIwYTFlMzU0ZDMzMTZhNjliZGM5MzA4M2Q0ZDp7ImlzTG9naW4iOmZhbHNlLCJ1c2VyIjpudWxsfQ==','2020-02-18 20:57:20.464703'),('ttkkbi1w1mt1lznwhv8y9fowzank0jo8','OGJlNTIyZGRkOThmNjIwYTFlMzU0ZDMzMTZhNjliZGM5MzA4M2Q0ZDp7ImlzTG9naW4iOmZhbHNlLCJ1c2VyIjpudWxsfQ==','2020-04-20 01:16:15.175662'),('tu2zrble6lhoaryt6q49vokfu7hsr9ee','OGJlNTIyZGRkOThmNjIwYTFlMzU0ZDMzMTZhNjliZGM5MzA4M2Q0ZDp7ImlzTG9naW4iOmZhbHNlLCJ1c2VyIjpudWxsfQ==','2020-04-02 03:36:30.262447'),('twy8eafoh72oy2xub3d0rxxbdfp4jsok','OGJlNTIyZGRkOThmNjIwYTFlMzU0ZDMzMTZhNjliZGM5MzA4M2Q0ZDp7ImlzTG9naW4iOmZhbHNlLCJ1c2VyIjpudWxsfQ==','2020-05-16 19:33:36.307911'),('u3kyye9vjjgv587fqdvr4st0i1smejfs','OGJlNTIyZGRkOThmNjIwYTFlMzU0ZDMzMTZhNjliZGM5MzA4M2Q0ZDp7ImlzTG9naW4iOmZhbHNlLCJ1c2VyIjpudWxsfQ==','2020-02-18 20:58:21.633224'),('u6ytj4ryn9l4r057v6t5cjvp0j9mllpy','OGJlNTIyZGRkOThmNjIwYTFlMzU0ZDMzMTZhNjliZGM5MzA4M2Q0ZDp7ImlzTG9naW4iOmZhbHNlLCJ1c2VyIjpudWxsfQ==','2020-02-24 22:46:55.504536'),('u966kv6mxlelad3d44lc68w14worafl5','OGJlNTIyZGRkOThmNjIwYTFlMzU0ZDMzMTZhNjliZGM5MzA4M2Q0ZDp7ImlzTG9naW4iOmZhbHNlLCJ1c2VyIjpudWxsfQ==','2020-03-07 20:44:59.305613'),('uh4qju8ck44dxbvwp47adwgcsa6yp2e0','OGJlNTIyZGRkOThmNjIwYTFlMzU0ZDMzMTZhNjliZGM5MzA4M2Q0ZDp7ImlzTG9naW4iOmZhbHNlLCJ1c2VyIjpudWxsfQ==','2020-04-04 22:06:06.848361'),('ui8iyyp542dr2jh1vf7tr3wqvvihcn7b','OGJlNTIyZGRkOThmNjIwYTFlMzU0ZDMzMTZhNjliZGM5MzA4M2Q0ZDp7ImlzTG9naW4iOmZhbHNlLCJ1c2VyIjpudWxsfQ==','2020-04-10 21:02:19.127807'),('ukpsefhov1cjx8h6kav89dup1g1og9c1','OGJlNTIyZGRkOThmNjIwYTFlMzU0ZDMzMTZhNjliZGM5MzA4M2Q0ZDp7ImlzTG9naW4iOmZhbHNlLCJ1c2VyIjpudWxsfQ==','2020-03-14 00:02:12.953369'),('uok8thaxlvvhblvpmtm5fkke5fl9l26l','OGJlNTIyZGRkOThmNjIwYTFlMzU0ZDMzMTZhNjliZGM5MzA4M2Q0ZDp7ImlzTG9naW4iOmZhbHNlLCJ1c2VyIjpudWxsfQ==','2020-05-21 21:45:44.720439'),('upi9gjvbyr9y39lze85tms89fl2ujzab','OGJlNTIyZGRkOThmNjIwYTFlMzU0ZDMzMTZhNjliZGM5MzA4M2Q0ZDp7ImlzTG9naW4iOmZhbHNlLCJ1c2VyIjpudWxsfQ==','2020-02-22 15:06:19.110188'),('uug4oh1kb9oggr8z3khwreb33lpm6zdi','OGJlNTIyZGRkOThmNjIwYTFlMzU0ZDMzMTZhNjliZGM5MzA4M2Q0ZDp7ImlzTG9naW4iOmZhbHNlLCJ1c2VyIjpudWxsfQ==','2020-03-30 18:29:04.163110'),('uzjlrgsrn68nx81fbc1zr296orfidwyn','OGJlNTIyZGRkOThmNjIwYTFlMzU0ZDMzMTZhNjliZGM5MzA4M2Q0ZDp7ImlzTG9naW4iOmZhbHNlLCJ1c2VyIjpudWxsfQ==','2020-03-02 01:20:13.194506'),('v0s4bq62ydmk2lzmt4iawp3tqd43xf5t','OGJlNTIyZGRkOThmNjIwYTFlMzU0ZDMzMTZhNjliZGM5MzA4M2Q0ZDp7ImlzTG9naW4iOmZhbHNlLCJ1c2VyIjpudWxsfQ==','2020-03-23 20:41:59.660691'),('v21joekws2kc4xslocddy4oxzi5xg32c','OGJlNTIyZGRkOThmNjIwYTFlMzU0ZDMzMTZhNjliZGM5MzA4M2Q0ZDp7ImlzTG9naW4iOmZhbHNlLCJ1c2VyIjpudWxsfQ==','2020-05-11 08:22:10.653388'),('v36q6em1yjiia1tpxcln8lp858f5n2ll','OGJlNTIyZGRkOThmNjIwYTFlMzU0ZDMzMTZhNjliZGM5MzA4M2Q0ZDp7ImlzTG9naW4iOmZhbHNlLCJ1c2VyIjpudWxsfQ==','2020-04-07 21:55:57.130552'),('v6pl1blmaul4gn73a9lo41rg8dsrnjd2','OGJlNTIyZGRkOThmNjIwYTFlMzU0ZDMzMTZhNjliZGM5MzA4M2Q0ZDp7ImlzTG9naW4iOmZhbHNlLCJ1c2VyIjpudWxsfQ==','2020-03-15 01:02:10.935533'),('v85jj0er7n460qaimfftxsxzs9z6aq05','OGJlNTIyZGRkOThmNjIwYTFlMzU0ZDMzMTZhNjliZGM5MzA4M2Q0ZDp7ImlzTG9naW4iOmZhbHNlLCJ1c2VyIjpudWxsfQ==','2020-03-07 20:48:12.670304'),('vfr524f5as7w5qye4qjzvso20ppetpph','OGJlNTIyZGRkOThmNjIwYTFlMzU0ZDMzMTZhNjliZGM5MzA4M2Q0ZDp7ImlzTG9naW4iOmZhbHNlLCJ1c2VyIjpudWxsfQ==','2020-05-11 08:23:05.119761'),('vivbwqom051tgc0q49w0wvpvhx9r0oal','OGJlNTIyZGRkOThmNjIwYTFlMzU0ZDMzMTZhNjliZGM5MzA4M2Q0ZDp7ImlzTG9naW4iOmZhbHNlLCJ1c2VyIjpudWxsfQ==','2020-04-04 22:06:04.444641'),('vmc43agybhazzphnz8jpogmktw2s6lwf','OGJlNTIyZGRkOThmNjIwYTFlMzU0ZDMzMTZhNjliZGM5MzA4M2Q0ZDp7ImlzTG9naW4iOmZhbHNlLCJ1c2VyIjpudWxsfQ==','2020-05-02 01:33:21.224759'),('vntx2sd09l0bqbs82zqlvlyfmnxmdjkh','OGJlNTIyZGRkOThmNjIwYTFlMzU0ZDMzMTZhNjliZGM5MzA4M2Q0ZDp7ImlzTG9naW4iOmZhbHNlLCJ1c2VyIjpudWxsfQ==','2020-03-29 20:37:48.078104'),('vrch0wbpeu2sb2b4zykddcp0hlmbiakd','MWYwNDBiMjI5ZTk2OTA0N2NiNDkwY2RmM2ZhOTFhOWUwZTU5MWJmNTp7InVzZXIiOiJ2Y3J0aW5nQDE2My5jb20iLCJpc0xvZ2luIjp0cnVlfQ==','2020-04-01 11:23:19.940528'),('vsc6lu5rr1d5p5xrbseap4jqsadk600s','OGJlNTIyZGRkOThmNjIwYTFlMzU0ZDMzMTZhNjliZGM5MzA4M2Q0ZDp7ImlzTG9naW4iOmZhbHNlLCJ1c2VyIjpudWxsfQ==','2020-03-18 19:36:14.606615'),('vwju18dtv8x0vgxlkd5dm5r74k6zomte','OGJlNTIyZGRkOThmNjIwYTFlMzU0ZDMzMTZhNjliZGM5MzA4M2Q0ZDp7ImlzTG9naW4iOmZhbHNlLCJ1c2VyIjpudWxsfQ==','2020-03-23 22:51:08.588979'),('vyf73cwo6eu04ejrqwsja69g6nm0ex31','OGJlNTIyZGRkOThmNjIwYTFlMzU0ZDMzMTZhNjliZGM5MzA4M2Q0ZDp7ImlzTG9naW4iOmZhbHNlLCJ1c2VyIjpudWxsfQ==','2020-03-02 18:42:08.053991'),('w2bgzha0iayrpsfoxd0lpt2r895ttm58','OGJlNTIyZGRkOThmNjIwYTFlMzU0ZDMzMTZhNjliZGM5MzA4M2Q0ZDp7ImlzTG9naW4iOmZhbHNlLCJ1c2VyIjpudWxsfQ==','2020-03-26 22:57:51.394281'),('w2mbaq5py61kjxyuyn86gocowb0d32sx','OGJlNTIyZGRkOThmNjIwYTFlMzU0ZDMzMTZhNjliZGM5MzA4M2Q0ZDp7ImlzTG9naW4iOmZhbHNlLCJ1c2VyIjpudWxsfQ==','2020-03-14 00:41:57.143684'),('w35hogde81sf9ojknxj29p3zwgvyr507','OGJlNTIyZGRkOThmNjIwYTFlMzU0ZDMzMTZhNjliZGM5MzA4M2Q0ZDp7ImlzTG9naW4iOmZhbHNlLCJ1c2VyIjpudWxsfQ==','2020-03-29 20:32:06.139655'),('w3oa4q31c66h6maadrpz3m98sqker9bg','OGJlNTIyZGRkOThmNjIwYTFlMzU0ZDMzMTZhNjliZGM5MzA4M2Q0ZDp7ImlzTG9naW4iOmZhbHNlLCJ1c2VyIjpudWxsfQ==','2020-03-26 22:55:25.019549'),('w3pjtb3olx93lb8nvritqx2i7tohwrqf','OGJlNTIyZGRkOThmNjIwYTFlMzU0ZDMzMTZhNjliZGM5MzA4M2Q0ZDp7ImlzTG9naW4iOmZhbHNlLCJ1c2VyIjpudWxsfQ==','2020-03-14 23:35:13.374266'),('w65ifyvsqansjq8ewrmm2wnzuxf2z4fd','OGJlNTIyZGRkOThmNjIwYTFlMzU0ZDMzMTZhNjliZGM5MzA4M2Q0ZDp7ImlzTG9naW4iOmZhbHNlLCJ1c2VyIjpudWxsfQ==','2020-02-22 15:06:18.014891'),('w6an2eq6p0m7jmlp2c16d8t83xhxqs9k','OGJlNTIyZGRkOThmNjIwYTFlMzU0ZDMzMTZhNjliZGM5MzA4M2Q0ZDp7ImlzTG9naW4iOmZhbHNlLCJ1c2VyIjpudWxsfQ==','2020-02-25 00:11:16.897793'),('w975edrwluphfjusuogdl325tx2eh4a3','OGJlNTIyZGRkOThmNjIwYTFlMzU0ZDMzMTZhNjliZGM5MzA4M2Q0ZDp7ImlzTG9naW4iOmZhbHNlLCJ1c2VyIjpudWxsfQ==','2020-03-07 20:44:40.474820'),('wcrj2bvodig4w4pd11b8bw6r35r8xovm','OGJlNTIyZGRkOThmNjIwYTFlMzU0ZDMzMTZhNjliZGM5MzA4M2Q0ZDp7ImlzTG9naW4iOmZhbHNlLCJ1c2VyIjpudWxsfQ==','2020-05-04 22:21:30.544210'),('wcstaczv1gl0jixl2d26pc3l66vuib3w','OGJlNTIyZGRkOThmNjIwYTFlMzU0ZDMzMTZhNjliZGM5MzA4M2Q0ZDp7ImlzTG9naW4iOmZhbHNlLCJ1c2VyIjpudWxsfQ==','2020-05-07 23:48:03.608278'),('wda0p7o7f47fjwt0xtwr2gjwkkh8ah97','OGJlNTIyZGRkOThmNjIwYTFlMzU0ZDMzMTZhNjliZGM5MzA4M2Q0ZDp7ImlzTG9naW4iOmZhbHNlLCJ1c2VyIjpudWxsfQ==','2020-03-26 22:57:56.072335'),('widziippflnuuvc1lazy7odep5h3k95n','OGJlNTIyZGRkOThmNjIwYTFlMzU0ZDMzMTZhNjliZGM5MzA4M2Q0ZDp7ImlzTG9naW4iOmZhbHNlLCJ1c2VyIjpudWxsfQ==','2020-04-08 12:20:09.106097'),('wlv6y4tjojjb28jygykbpsip2kes07nn','OGJlNTIyZGRkOThmNjIwYTFlMzU0ZDMzMTZhNjliZGM5MzA4M2Q0ZDp7ImlzTG9naW4iOmZhbHNlLCJ1c2VyIjpudWxsfQ==','2020-04-10 20:48:19.805671'),('wlvr6od2sy1v0z89tpk4796pah9i9hhd','OGJlNTIyZGRkOThmNjIwYTFlMzU0ZDMzMTZhNjliZGM5MzA4M2Q0ZDp7ImlzTG9naW4iOmZhbHNlLCJ1c2VyIjpudWxsfQ==','2020-05-01 23:40:40.344970'),('wua3hq7jeqgu1fhzhw5rkha4xjyok292','OGJlNTIyZGRkOThmNjIwYTFlMzU0ZDMzMTZhNjliZGM5MzA4M2Q0ZDp7ImlzTG9naW4iOmZhbHNlLCJ1c2VyIjpudWxsfQ==','2020-03-27 05:48:28.261615'),('wxm2ymdafewj19tj6ii77zp8d09nbscf','OGJlNTIyZGRkOThmNjIwYTFlMzU0ZDMzMTZhNjliZGM5MzA4M2Q0ZDp7ImlzTG9naW4iOmZhbHNlLCJ1c2VyIjpudWxsfQ==','2020-05-19 02:50:19.288094'),('wym8b91a99n6h288vmqqlmqkc89qt9ld','OGJlNTIyZGRkOThmNjIwYTFlMzU0ZDMzMTZhNjliZGM5MzA4M2Q0ZDp7ImlzTG9naW4iOmZhbHNlLCJ1c2VyIjpudWxsfQ==','2020-03-07 20:47:26.441711'),('x04b38arhlyvohgid6hphygyosa0c1bg','OGJlNTIyZGRkOThmNjIwYTFlMzU0ZDMzMTZhNjliZGM5MzA4M2Q0ZDp7ImlzTG9naW4iOmZhbHNlLCJ1c2VyIjpudWxsfQ==','2020-04-07 21:56:39.603818'),('x0d11ssab5ldab94fnksvynyp3k2q1g5','OGJlNTIyZGRkOThmNjIwYTFlMzU0ZDMzMTZhNjliZGM5MzA4M2Q0ZDp7ImlzTG9naW4iOmZhbHNlLCJ1c2VyIjpudWxsfQ==','2020-05-11 07:50:06.929652'),('x18isr2b8r03xfw4mshmpt9gijy0k0j0','OGJlNTIyZGRkOThmNjIwYTFlMzU0ZDMzMTZhNjliZGM5MzA4M2Q0ZDp7ImlzTG9naW4iOmZhbHNlLCJ1c2VyIjpudWxsfQ==','2020-03-15 01:03:11.485929'),('x2aiuek2jp205wby3fa5kq60rei10ggl','OGJlNTIyZGRkOThmNjIwYTFlMzU0ZDMzMTZhNjliZGM5MzA4M2Q0ZDp7ImlzTG9naW4iOmZhbHNlLCJ1c2VyIjpudWxsfQ==','2020-03-02 01:01:34.412335'),('x2dz5mct3674njrvjeenmnoo71qznhnb','OGJlNTIyZGRkOThmNjIwYTFlMzU0ZDMzMTZhNjliZGM5MzA4M2Q0ZDp7ImlzTG9naW4iOmZhbHNlLCJ1c2VyIjpudWxsfQ==','2020-04-10 23:17:10.268991'),('x8s0zfmmxlw8zin14hzudsscsv3w62v8','OGJlNTIyZGRkOThmNjIwYTFlMzU0ZDMzMTZhNjliZGM5MzA4M2Q0ZDp7ImlzTG9naW4iOmZhbHNlLCJ1c2VyIjpudWxsfQ==','2020-05-16 19:33:31.732964'),('xer3j2jzi4lpbwx9rox41dgy6zbasncy','OGJlNTIyZGRkOThmNjIwYTFlMzU0ZDMzMTZhNjliZGM5MzA4M2Q0ZDp7ImlzTG9naW4iOmZhbHNlLCJ1c2VyIjpudWxsfQ==','2020-05-08 01:37:44.303382'),('xhafpgof0pvgw4dvnq8uokz3yhivicpt','OGJlNTIyZGRkOThmNjIwYTFlMzU0ZDMzMTZhNjliZGM5MzA4M2Q0ZDp7ImlzTG9naW4iOmZhbHNlLCJ1c2VyIjpudWxsfQ==','2020-05-19 02:50:15.882967'),('xy16vrj63gaowf1fkecyu6mknz92p8c8','OGJlNTIyZGRkOThmNjIwYTFlMzU0ZDMzMTZhNjliZGM5MzA4M2Q0ZDp7ImlzTG9naW4iOmZhbHNlLCJ1c2VyIjpudWxsfQ==','2020-04-20 01:16:15.307998'),('y1d3wgufr832hgbs68pisfhsguh7zynz','OGJlNTIyZGRkOThmNjIwYTFlMzU0ZDMzMTZhNjliZGM5MzA4M2Q0ZDp7ImlzTG9naW4iOmZhbHNlLCJ1c2VyIjpudWxsfQ==','2020-04-02 03:37:03.945241'),('yhzg40qcdbfo1uorvixgyf1enyjtsp1l','OGJlNTIyZGRkOThmNjIwYTFlMzU0ZDMzMTZhNjliZGM5MzA4M2Q0ZDp7ImlzTG9naW4iOmZhbHNlLCJ1c2VyIjpudWxsfQ==','2020-05-16 19:33:26.321435'),('yiovjyml49lj2y9oqqxesbpmzdzdmag3','OGJlNTIyZGRkOThmNjIwYTFlMzU0ZDMzMTZhNjliZGM5MzA4M2Q0ZDp7ImlzTG9naW4iOmZhbHNlLCJ1c2VyIjpudWxsfQ==','2020-03-07 22:47:04.448735'),('ypjym24ppxqiapibiwryttrf2z3kg5gv','NmJkZTZkOGI4MWUwYzkxYjFmMzM5Y2IwOGU1YWY1MGM5NWEwNmRhMjp7InVzZXIiOiJjaGl3YWlAbWFuZnVsbHMuY29tIiwiaXNMb2dpbiI6dHJ1ZX0=','2020-03-17 01:16:26.036454'),('ys3dib8vdcrpzk4jx01osrmr5kw8wxdu','OGJlNTIyZGRkOThmNjIwYTFlMzU0ZDMzMTZhNjliZGM5MzA4M2Q0ZDp7ImlzTG9naW4iOmZhbHNlLCJ1c2VyIjpudWxsfQ==','2020-05-08 01:37:39.783818'),('yue7w8pcldkldk7nstul78mt5nou63qs','OGJlNTIyZGRkOThmNjIwYTFlMzU0ZDMzMTZhNjliZGM5MzA4M2Q0ZDp7ImlzTG9naW4iOmZhbHNlLCJ1c2VyIjpudWxsfQ==','2020-03-02 01:21:01.454975'),('yxda60kgh88hqbvt0qx3m03lb9vbephz','OGJlNTIyZGRkOThmNjIwYTFlMzU0ZDMzMTZhNjliZGM5MzA4M2Q0ZDp7ImlzTG9naW4iOmZhbHNlLCJ1c2VyIjpudWxsfQ==','2020-03-14 21:21:13.299772'),('z53ytrpvnaodqdr3d0cwi019q706juoj','OGJlNTIyZGRkOThmNjIwYTFlMzU0ZDMzMTZhNjliZGM5MzA4M2Q0ZDp7ImlzTG9naW4iOmZhbHNlLCJ1c2VyIjpudWxsfQ==','2020-03-14 00:42:08.473124'),('z5n6vc8or39lbrdp20niw9j60gkiavsa','OGJlNTIyZGRkOThmNjIwYTFlMzU0ZDMzMTZhNjliZGM5MzA4M2Q0ZDp7ImlzTG9naW4iOmZhbHNlLCJ1c2VyIjpudWxsfQ==','2020-05-08 06:34:52.235961'),('z6x5vzc7eod13jzfunb5uhxflgpelpqy','OGJlNTIyZGRkOThmNjIwYTFlMzU0ZDMzMTZhNjliZGM5MzA4M2Q0ZDp7ImlzTG9naW4iOmZhbHNlLCJ1c2VyIjpudWxsfQ==','2020-03-26 22:55:56.006116'),('z8kgz3odutwqdw2oe63zjiewt7ysqihd','OGJlNTIyZGRkOThmNjIwYTFlMzU0ZDMzMTZhNjliZGM5MzA4M2Q0ZDp7ImlzTG9naW4iOmZhbHNlLCJ1c2VyIjpudWxsfQ==','2020-04-11 17:23:04.489583'),('z9lyozftxuifypctlyhzoiumpdtj98q4','N2ViZjlkNmJiM2RlYTdlMWYxYzA0ODM2YTUzMWFjNzRhMzNhZjFmMDp7InVzZXIiOiIxMjNtZWRoa0BnbWFpbC5jb20iLCJpc0xvZ2luIjp0cnVlfQ==','2020-03-17 08:45:42.013361'),('zfx9mv1p4tqyosgebvrxl7gsmtc7icue','OGJlNTIyZGRkOThmNjIwYTFlMzU0ZDMzMTZhNjliZGM5MzA4M2Q0ZDp7ImlzTG9naW4iOmZhbHNlLCJ1c2VyIjpudWxsfQ==','2020-03-07 22:47:04.602315'),('ziwnxajdiitlsdd0l3qffx8aiycsamx7','OGJlNTIyZGRkOThmNjIwYTFlMzU0ZDMzMTZhNjliZGM5MzA4M2Q0ZDp7ImlzTG9naW4iOmZhbHNlLCJ1c2VyIjpudWxsfQ==','2020-02-22 15:15:38.781637'),('zk7bgdkn7z6u4ssxa5j2q7psrj6pt9zu','NDkxNmRkMTE2MzBjZjU5MWM3OTE5NTBmMjY5NjUwZWZkZTE2MjQyNjp7Il9hdXRoX3VzZXJfaWQiOiIxIiwiX2F1dGhfdXNlcl9iYWNrZW5kIjoiZGphbmdvLmNvbnRyaWIuYXV0aC5iYWNrZW5kcy5Nb2RlbEJhY2tlbmQiLCJfYXV0aF91c2VyX2hhc2giOiI5YWEyMWYyMjFiYTJkZGJhMWNiNWJlNDQzOTBkNjM1ODczNWY2MmMxIn0=','2020-03-18 09:54:51.032163'),('zphwer16yf9k7t68r3so4d1ckfuy409u','OGJlNTIyZGRkOThmNjIwYTFlMzU0ZDMzMTZhNjliZGM5MzA4M2Q0ZDp7ImlzTG9naW4iOmZhbHNlLCJ1c2VyIjpudWxsfQ==','2020-04-08 17:51:04.597877'),('zt9t5ch5m2xx9n7lrpfb22jf7vlei5wp','OGJlNTIyZGRkOThmNjIwYTFlMzU0ZDMzMTZhNjliZGM5MzA4M2Q0ZDp7ImlzTG9naW4iOmZhbHNlLCJ1c2VyIjpudWxsfQ==','2020-05-04 22:21:30.444223'),('zu8zhf63sb4rywiag3rpu4uistd7ya8m','OGJlNTIyZGRkOThmNjIwYTFlMzU0ZDMzMTZhNjliZGM5MzA4M2Q0ZDp7ImlzTG9naW4iOmZhbHNlLCJ1c2VyIjpudWxsfQ==','2020-03-11 13:35:49.957249');
/*!40000 ALTER TABLE `django_session` ENABLE KEYS */;
UNLOCK TABLES;
/*!40103 SET TIME_ZONE=@OLD_TIME_ZONE */;

/*!40101 SET SQL_MODE=@OLD_SQL_MODE */;
/*!40014 SET FOREIGN_KEY_CHECKS=@OLD_FOREIGN_KEY_CHECKS */;
/*!40014 SET UNIQUE_CHECKS=@OLD_UNIQUE_CHECKS */;
/*!40101 SET CHARACTER_SET_CLIENT=@OLD_CHARACTER_SET_CLIENT */;
/*!40101 SET CHARACTER_SET_RESULTS=@OLD_CHARACTER_SET_RESULTS */;
/*!40101 SET COLLATION_CONNECTION=@OLD_COLLATION_CONNECTION */;
/*!40111 SET SQL_NOTES=@OLD_SQL_NOTES */;

-- Dump completed on 2020-05-08 14:31:56
