[
    {
        "sms_id": "181407",
        "sms_id_sub": "181408",
        "lang": 1,
        "service": "Hepatitis B Vaccine",
        "category": 1,
        "content": "歡迎你蒞臨123醫務中心。剛才已為你接種了第一針乙型肝炎預防針，第二，三針將會在1，5個月後接種。乙型肝炎主要透過母嬰，血液和性接觸三種方法傳染。完成接種疫苗後可預防乙型肝炎所引發的急性肝炎，肝衰竭和肝癌",
        "content_sub": "温馨提示。親愛的客戶，你在123醫務中心接種的乙型肝炎預防針，第二/三針已到期，你可以在診所辦工時間內來接種疫苗。請確定你身體狀況良好，沒有發燒，未來二天不需做劇烈運動。期待你的來臨！"
    }
]